artist,song,label
Carrie Underwood,Some Hearts,0
Jason Aldean,Lights Come On,1
Taylor Swift,Eyes Open,1
Drake,Back To Back,1
Kenny Chesney,I Always Get Lucky With You,0
Luke Bryan,Cold Beer Drinker,0
Drake,Jodeci Freestyle,0
Luke Bryan,Kiss Tomorrow Goodbye,1
Taylor Swift,Our Song,1
Luke Bryan,Fast,1
Luke Bryan,Kick The Dust Up,1
Jason Aldean,Gonna Know We Were Here,1
Taylor Swift,Ronan,1
Taylor Swift,Shake It Off: The Ballerinas Scene,0
Drake,God's Plan,1
Taylor Swift,Blank Space,1
Jason Aldean,"Rearview Town (live from St. Louis, MO)",0
Jason Aldean,Johnny Cash,1
Carrie Underwood,Favorite Time Of Year,1
Drake,Grammys,0
Taylor Swift,This Love (commentary),0
Taylor Swift,Mastermind,0
Taylor Swift,"So Long, London",0
Drake,Started From The Bottom,1
Luke Bryan,Shake the Sand,0
Drake,MEET YOUR PADRE,0
Luke Bryan,Most People Are Good,1
Carrie Underwood,I Know You Won’t,0
Drake,DEEPER,0
Taylor Swift,King of My Heart (commentary),0
Kenny Chesney,Live A Little,1
Taylor Swift,Fortnight,0
Luke Bryan,Doin’ My Thing,0
Keith Urban,Break On Me.,1
Taylor Swift,epiphany,0
Jason Aldean,Night Train,1
Jason Aldean,Whiskey Me Away,0
Luke Bryan,All My Friends Say,1
Keith Urban,Just Some Love,0
Luke Bryan,Born Here Live Here Die Here,0
Luke Bryan,Mind of a Country Boy,0
Drake,The Shoe Fits,0
Jason Aldean,Rearview Town,1
Jason Aldean,Just Gettin' Started,1
Drake,Childs Play,1
Kenny Chesney,Ain't Back Yet,1
Taylor Swift,Radio Outro (commentary),0
Jason Aldean,My Kinda Party,1
Taylor Swift,Love Story (Taylor’s version),0
Taylor Swift,Everything Has Changed (Taylor’s version),0
Carrie Underwood,Last Name,1
Jason Aldean,Too Much You for Me,0
Carrie Underwood,Who Are You,0
Carrie Underwood,All-American Girl,1
Carrie Underwood,See You Again,1
Jason Aldean,If My Truck Could Talk,0
Jason Aldean,Rather Watch You,0
Drake,Still Here,1
Taylor Swift,My Boy Only Breaks His Favorite Toys,0
Jason Aldean,Tattoos On This Town,1
Kenny Chesney,Santa Claus Is Back in Town,0
Taylor Swift,Wildest Dreams (commentary),0
Jason Aldean,She's Country,1
Jason Aldean,You Make It Easy,1
Drake,Cheetah Print,0
Carrie Underwood,Two Black Cadillacs,1
Taylor Swift,Closure,1
Taylor Swift,Happiness,1
Luke Bryan,I See You,1
Drake,Hotline Bling,1
Keith Urban,Kiss a Girl / Who Wouldn't Wanna Be Me (live From the HIGH AND ALIVE WORLD TOUR),0
Drake,"Hold On, We’re Going Home",0
Keith Urban,Once In A Lifetime,1
Taylor Swift,'Tis The Damn Season,1
Keith Urban,Steal My Thunder,0
Keith Urban,Live to Love Another Day,0
Carrie Underwood,Something In The Water,1
Drake,Know Yourself,1
Taylor Swift,Begin Again,1
Keith Urban,Without You,1
Keith Urban,Cop Car,1
Jason Aldean,Don’t Give Up on Me,0
Drake,Summer Sixteen,1
Kenny Chesney,Get Along,1
Carrie Underwood,Temporary Home,1
Carrie Underwood,Love Wins,1
Jason Aldean,Crazy Town,1
Kenny Chesney,Reality,1
Taylor Swift,Back to December (Taylor’s version),0
Drake,Behind Barz,1
Jason Aldean,They Don't Know,1
Taylor Swift,I Don’t Wanna Live Forever (Fifty Shades Darker),0
Taylor Swift,State of Grace (Taylor’s version) (lyric video),0
Kenny Chesney,Rock Bottom,0
Drake,CELIBACY,0
Drake,Fancy,0
Taylor Swift,White Horse,1
Drake,Knife Talk,0
Carrie Underwood,Cry Pretty,1
Drake,In My Feelings,1
Luke Bryan,Do I,1
Kenny Chesney,Shiftwork,0
Drake,Fireworks,0
Keith Urban,Romeo’s Tune,0
Carrie Underwood,Little Toy Guns,1
Kenny Chesney,Wasted,0
Kenny Chesney,Pirate Flag,1
Taylor Swift,A Place in This World,0
Carrie Underwood,Church Bells,1
Carrie Underwood,Mama's Song,1
Kenny Chesney,Til It's Gone,1
Drake,Wu-Tang Forever,1
Taylor Swift,We Are Never Ever Getting Back Together,1
Kenny Chesney,All The Pretty Girls,1
Jason Aldean,Any Ol' Barstool,1
Keith Urban,Tonight I Wanna Cry,1
Taylor Swift,Message in a Bottle (Taylor’s version) (from The Vault),0
Taylor Swift,Style,1
Drake,10 Bands,1
Luke Bryan,Beer in the Headlights,0
Drake,Chicago Freestyle,0
Keith Urban,Love’s Poster Child,0
Carrie Underwood,Undo It,1
Carrie Underwood,Don't Forget To Remember Me,1
Luke Bryan,Buzzkill,1
Taylor Swift,Lover (piano/vocal),0
Keith Urban,Stupid Boy,1
Keith Urban,Kiss A Girl,1
Taylor Swift,Wildest Dreams,1
Jason Aldean,One We Won’t Forget,0
Kenny Chesney,American Kids,1
Keith Urban,You Gonna Fly,1
Luke Bryan,"Sunrise, Sunburn, Sunset",1
Carrie Underwood,That’s Where It Is,0
Jason Aldean,Tough Crowd,0
Taylor Swift,Dancing With Our Hands Tied,0
Drake,The Last Hope,0
Taylor Swift,New Romantics,1
Luke Bryan,Razor Blade,0
Drake,You Broke My Heart (Instrumental),0
Taylor Swift,We Are Never Ever Getting Back Together (Taylor’s version),0
Luke Bryan,Knockin' Boots,1
Carrie Underwood,The Old Rugged Cross,0
Keith Urban,Sweet Thing,1
Drake,Nothings Into Somethings,0
Taylor Swift,Red,1
Taylor Swift,"Would’ve, Could’ve, Should’ve",0
Drake,Pianist Hands (interlude),0
Jason Aldean,The Truth,1
Kenny Chesney,Guilty Pleasure,0
Drake,Don't Worry,0
Jason Aldean,Laughed Until We Cried,1
Taylor Swift,Tolerate It,1
Drake,The Motion,0
Kenny Chesney,Beer In Mexico,1
Taylor Swift,it’s time to go,0
Kenny Chesney,Jesus and Elvis,0
Keith Urban,On and On,0
Kenny Chesney,Jingle Bells,0
Taylor Swift,Tim McGraw (commentary),0
Carrie Underwood,Leave Love Alone,0
Taylor Swift,Champagne Problems,1
Carrie Underwood,Lessons Learned,0
Kenny Chesney,Winnebago,0
Drake,Fake Love,1
Kenny Chesney,You Save Me,1
Kenny Chesney,Seven Days,0
Taylor Swift,Fearless,1
Taylor Swift,Pink Clouding,0
Luke Bryan,Better Than My Heart,0
Drake,Toosie Slide,1
Keith Urban,Wasted Time,1
Taylor Swift,Mean,1
Taylor Swift,Teardrops On My Guitar,1
Carrie Underwood,Dirty Laundry,1
Kenny Chesney,Life on a Rock,0
Taylor Swift,The Black Dog (first draft phone memo),0
Luke Bryan,Move,1
Luke Bryan,"Huntin', Fishin' And Lovin' Every Day",1
Taylor Swift,Cowboy Like Me,1
Carrie Underwood,Good Girl,1
Taylor Swift,the 1,0
Keith Urban,Long Hot Summer,1
Jason Aldean,Take A Little Ride,1
Jason Aldean,Grown Woman,0
Taylor Swift,All You Had to Do Was Stay (commentary),0
Luke Bryan,What She Wants Tonight,1
Carrie Underwood,Drunk and Hungover,0
Drake,Plot Twist,0
Kenny Chesney,When I Close My Eyes,0
Taylor Swift,Ours,1
Taylor Swift,Mine,1
Jason Aldean,Why,1
Taylor Swift,Come Back…be Here (Taylor’s version) (lyric video),0
Luke Bryan,Someone Else Calling You Baby,1
Taylor Swift,A Look Behind the Curtain,0
Luke Bryan,Drunk On You,1
Carrie Underwood,Blown Away,1
Keith Urban,Blue Ain't Your Color,1
Jason Aldean,Girl Like You,1
Taylor Swift,Out of the Woods,0
Kenny Chesney,El Cerrito Place,1
Taylor Swift,Cassandra,0
Keith Urban,For You,1
Luke Bryan,Country Man,1
Jason Aldean,Changing Bars,0
Taylor Swift,Stay Stay Stay,0
Keith Urban,God Whispered Your Name,1
Taylor Swift,Vigilante Shit,0
Jason Aldean,Fly Over States,1
Carrie Underwood,Southbound,1
Drake,Feel No Ways,1
Luke Bryan,Crash My Party,1
Kenny Chesney,Don't Blink,1
Kenny Chesney,She’s Got It All,0
Taylor Swift,Sparks Fly,1
Taylor Swift,Fifteen,1
Jason Aldean,Dirt Road Anthem,1
Keith Urban,Somebody Like You,0
Keith Urban,You (Or Somebody Like You),0
Taylor Swift,Red (commentary),0
Keith Urban,One Too Many (live From the HIGH AND ALIVE WORLD TOUR),0
Taylor Swift,The Black Dog,0
Taylor Swift,illicit affairs (lyric video),0
Carrie Underwood,"Interview, Part IV",0
Kenny Chesney,Here And Now,1
Luke Bryan,Drink A Beer,1
Kenny Chesney,I Will Stand,0
Drake,Tried Our Best,0
Keith Urban,Blue Ain’t Your Color,0
Drake,Make Them Pay,0
Jason Aldean,Two Night Town,1
Taylor Swift,Patient Zero,0
Kenny Chesney,In This Boat Alone,0
Kenny Chesney,Pirate Song,0
Taylor Swift,Blank Space (Taylor’s version),0
Taylor Swift,Sparks Fly (Taylor’s version),0
Kenny Chesney,Back in My Arms Again,0
Drake,Number 15,0
Taylor Swift,Gold Rush,1
Drake,Daylight,0
Drake,Shot for Me,0
Drake,Fucking Problem,0
Drake,Going in for Life,0
Kenny Chesney,Noise,1
Drake,Find Your Love,1
Carrie Underwood,Heartbeat,1
Drake,Bonus,0
Taylor Swift,I Knew You Were Trouble.,1
Drake,Lose My Mind (remix),0
Keith Urban,"Better Life (live at The Arena at Gwinnett, GA/2008)",0
Keith Urban,We Were,1
Taylor Swift,Dorothea,1
Keith Urban,These Are the Days (Intro),0
Kenny Chesney,Just to Say We Did,0
Kenny Chesney,When I See This Bar,0
Keith Urban,Nobody Drinks Alone,0
Keith Urban,All for You,0
Drake,Killer,0
Kenny Chesney,We Do,0
Jason Aldean,This Nothin’ Town,0
Luke Bryan,Strip It Down,1
Kenny Chesney,The Boys of Fall,1
Taylor Swift,Picture To Burn,1
Keith Urban,Better Than I Am,0
Taylor Swift,Long Live,0
Keith Urban,You Look Good In My Shirt,1
Kenny Chesney,Better As A Memory,1
Taylor Swift,Invisible (commentary),0
Kenny Chesney,Won't Take Less Than Your Love,0
Keith Urban,Go Home W U,0
Kenny Chesney,Living In Fast Forward,1
Kenny Chesney,Some Town Somewhere,0
Keith Urban,Somewhere In My Car,1
Drake,Dreams Money Can Buy,0
Kenny Chesney,Save It For A Rainy Day,1
Drake,Where,0
Drake,I'm Upset,1
Taylor Swift,Change,0
Jason Aldean,Burnin' It Down,1
Jason Aldean,Tonight Looks Good On You,1
Kenny Chesney,Blame It on the Salt,0
Taylor Swift,Ivy,1
Luke Bryan,One Margarita,1
Carrie Underwood,Home Sweet Home,1
Drake,Energy,1
Drake,0 To 100 / The Catch Up,1
Taylor Swift,22,1
Luke Bryan,Country Girl (Shake It For Me),1
Taylor Swift,Better Than Revenge (commentary),0
Luke Bryan,Out Like That,0
Carrie Underwood,Little Girl Don’t Grow Up Too Fast,0
Keith Urban,Everybody,1
Drake,Omerta,1
Drake,Change Locations,0
Luke Bryan,Pair of Boots,0
Taylor Swift,You Need to Calm Down (behind the scenes: Morning Routine),0
Taylor Swift,Delicate,1
Drake,Headlines,1
Drake,Desires,0
Taylor Swift,Tim McGraw,1
Carrie Underwood,Little Drummer Boy,0
Taylor Swift,Fresh Out the Slammer,0
Taylor Swift,Wonderland (Taylor’s version),0
Carrie Underwood,Cowboy Casanova,1
Drake,Get Along Better,0
Drake,U.P.A. Outro,0
Keith Urban,"John Cougar, John Deere, John 3:16",1
Luke Bryan,Blood Brothers,0
Drake,Yamaha Mama,0
Taylor Swift,You Belong With Me,1
Taylor Swift,Back To December,1
Keith Urban,I Told You So,1
Taylor Swift,"You’re on Your Own, Kid",0
Taylor Swift,You're Not Sorry,1
Jason Aldean,1994,1
Drake,Legend,1
Drake,Best I Ever Had,1
Drake,Ran to Atlanta,0
Taylor Swift,Shake It Off,1
Keith Urban,Rollercoaster,0
Carrie Underwood,Wasted,1
Keith Urban,Call My Name,0
Taylor Swift,Better Than Revenge,0
Taylor Swift,epiphany (lyric video),0
Taylor Swift,State of Grace (acoustic version) (Taylor’s version),0
Luke Bryan,Roller Coaster,1
Jason Aldean,The Best of Me,0
Kenny Chesney,Tip Of My Tongue,1
Jason Aldean,Amarillo Sky,1
Kenny Chesney,Summertime,1
Kenny Chesney,Never Wanted Nothing More,1
Carrie Underwood,Drinking Alone,1
Kenny Chesney,Marina del Rey,0
Jason Aldean,Big Green Tractor,1
Drake,Get It Together,0
Carrie Underwood,Just A Dream,1
Luke Bryan,Light It Up,1
Drake,Gyalchester,1
Luke Bryan,Tackle Box,0
Taylor Swift,That’s When (from The Vault),0
Drake,Work to Do,0
Luke Bryan,Waves,0
Luke Bryan,I Liked Loving You,0
Drake,Drake's Voice Mail Box #2,0
Keith Urban,You'll Think of Me (live From the HIGH AND ALIVE WORLD TOUR),0
Taylor Swift,Today Was A Fairytale,1
Taylor Swift,Willow,1
Kenny Chesney,Whatever It Takes,0
Jason Aldean,Just Gettin’ Started,0
Taylor Swift,Last Kiss,0
Drake,Cold Shoulder,0
Keith Urban,Heart Like a Hometown (live From the HIGH AND ALIVE WORLD TOUR),0
Taylor Swift,GAC Short Cuts Series “A Place in This World”,0
Taylor Swift,cardigan (lyric video),0
Taylor Swift,The Life of a Showgirl,0
Taylor Swift,Should've Said No,1
Luke Bryan,Rain Is A Good Thing,1
Drake,Hype,1
Taylor Swift,thank You aimEe (Mean),0
Taylor Swift,Lover,1
Luke Bryan,Hungover in a Hotel Room,0
Carrie Underwood,Softly and Tenderly,0
Keith Urban,Only You Can Love Me This Way,1
Drake,Passionfruit,1
Carrie Underwood,Before He Cheats,1
Taylor Swift,Treacherous (Taylor’s version),0
Drake,Nice For What,1
Jason Aldean,Sweet Little Somethin',1
Taylor Swift,The Story Of Us,1
Drake,Controlla,1
Keith Urban,Stuck in the Middle,0
Keith Urban,If You Wanna Stay,0
Keith Urban,'Til Summer Comes Around,1
Carrie Underwood,Forever Changed (commentary),0
Drake,Over,1
Kenny Chesney,Be As You Are,0
Luke Bryan,Way Way Back,0
Taylor Swift,End Game,0
Carrie Underwood,"Jesus, Take The Wheel",1
Kenny Chesney,Christmas in Dixie,0
Jason Aldean,When She Says Baby,1
Drake,Goose and the Juice,0
Luke Bryan,That's My Kind Of Night,1
Taylor Swift,The Other Side of the Door,0
Taylor Swift,Long Live (commentary),0
Kenny Chesney,Somewhere With You,1
Drake,Wu‐Tang Forever,0
Drake,Mob Ties,0
Kenny Chesney,Don't Get Burned By The Game,0
Carrie Underwood,Wasted (live),0
Drake,Right Hand,1
Carrie Underwood,Thank God for Hometowns (commentary),0
Drake,Nonstop,1
Taylor Swift,Cardigan,1
Taylor Swift,Love Story,1
Kenny Chesney,Life Is Good,0
Taylor Swift,Long Story Short,1
Taylor Swift,...Ready For It?,1
Drake,The Language,1
Drake,Marvins Room,1
Taylor Swift,Love Story (Behind the Scenes),0
Luke Bryan,Just a Sip,0
Keith Urban,Never Comin Down,0
Carrie Underwood,So Small,1
Drake,Poetic Justice,0
Luke Bryan,Play It Again,1
Jason Aldean,Blacktop Gone,0
Taylor Swift,Marjorie,1
Taylor Swift,willow (dancing witch version) (Elvira remix),0
Kenny Chesney,Back Where I Come From (live),0
Taylor Swift,Come Back… Be Here,0
Luke Bryan,We Run This Town,0
Taylor Swift,Babe (Taylor’s version) (from the Vault) (lyric video),0
Luke Bryan,Games,1
Kenny Chesney,Out Last Night,1
Luke Bryan,I Don't Want This Night To End,1
Luke Bryan,Chuggin’ Along,0
Keith Urban,I'm In,1
Luke Bryan,Take My Drunk Ass Home,0
Jason Aldean,We Back,1
Keith Urban,Hank Don’t Fail Me Now,0
Taylor Swift,You Need To Calm Down,1
Kenny Chesney,Come Over,1
Taylor Swift,The Way I Loved You (Taylor’s version),0
Carrie Underwood,Smoke Break,1
Taylor Swift,Look What You Made Me Do,1
Jason Aldean,Got What I Got,1
Keith Urban,Put You In A Song,1
Taylor Swift,Bad Blood (commentary),0
Drake,Sandra’s Rose,0
Keith Urban,Little Bit Of Everything,1
