artist,song,label
Carrie Underwood,All Is Well,0
Carrie Underwood,All‐American Girl,0
Carrie Underwood,Amazing Grace,0
Carrie Underwood,Away in a Manger,0
Carrie Underwood,Backsliding,0
Carrie Underwood,Because He Lives,0
Carrie Underwood,Blessed Assurance,0
Carrie Underwood,Blown Away (commentary),0
Carrie Underwood,Burn,0
Carrie Underwood,Change,0
Carrie Underwood,Chaser,0
Carrie Underwood,Choctaw County Affair,0
Carrie Underwood,Clock Don’t Stop,0
Carrie Underwood,Crazy Angels,0
Carrie Underwood,Crazy Dreams,0
Carrie Underwood,Cupid’s Got a Shotgun,0
Carrie Underwood,Cupid’s Got a Shotgun (commentary),0
Carrie Underwood,Damage,0
Carrie Underwood,Denim & Rhinestones,0
Carrie Underwood,Do You Hear What I Hear,0
Carrie Underwood,Do You Think About Me,0
Carrie Underwood,Do You Think About Me (commentary),0
Carrie Underwood,Don’t Forget to Remember Me,0
Carrie Underwood,Drunk and Hungover,0
Carrie Underwood,End Up With You,0
Carrie Underwood,Faster,0
Carrie Underwood,Favorite Time of Year (Amazon original),0
Carrie Underwood,Flat on the Floor,0
Carrie Underwood,Forever Changed,0
Carrie Underwood,Forever Changed (commentary),0
Carrie Underwood,Garden,0
Carrie Underwood,Get Out of This Town,0
Carrie Underwood,Get Out of This Town (acoustic),0
Carrie Underwood,Ghost Story,0
Carrie Underwood,Ghosts on the Stereo,0
Carrie Underwood,Give Her That,0
Carrie Underwood,Good Girl (commentary),0
Carrie Underwood,Good in Goodbye,0
Carrie Underwood,Good in Goodbye (commentary),0
Carrie Underwood,Great Is Thy Faithfulness,0
Carrie Underwood,Hallelujah,0
Carrie Underwood,Hark! The Herald Angels Sing,0
Carrie Underwood,Hate My Heart,0
Carrie Underwood,Have Yourself a Merry Little Christmas,0
Carrie Underwood,Heartbeat (stripped),0
Carrie Underwood,How Great Thou Art,0
Carrie Underwood,How Great Thou Art (live from ACM Presents: Girls’ Night Out),0
Carrie Underwood,I Ain’t in Checotah Anymore,0
Carrie Underwood,I Just Can’t Live a Lie,0
Carrie Underwood,I Know You Won’t,0
Carrie Underwood,I Surrender All,0
Carrie Underwood,I Told You So,0
Carrie Underwood,Inside Your Heaven,0
Carrie Underwood,"Interview, Part I",0
Carrie Underwood,"Interview, Part II",0
Carrie Underwood,"Interview, Part III",0
Carrie Underwood,"Interview, Part IV",0
Carrie Underwood,Jesus Loves Me (instrumental),0
Carrie Underwood,"Joyful, Joyful, We Adore Thee",0
Carrie Underwood,Just a Dream (acoustic),0
Carrie Underwood,Just as I Am,0
Carrie Underwood,Kingdom,0
Carrie Underwood,Last Name (writing session worktape 1/22/07),0
Carrie Underwood,Leave Love Alone,0
Carrie Underwood,Leave Love Alone (commentary),0
Carrie Underwood,Lessons Learned,0
Carrie Underwood,Let There Be Peace,0
Carrie Underwood,Let There Be Peace / Something in the Water (LIVE from HBO Max’s MY GIFT: A Christmas Special from Carrie Underwood),0
Carrie Underwood,Like I’ll Never Love You Again,0
Carrie Underwood,Little Drummer Boy,0
Carrie Underwood,Little Girl Don’t Grow Up Too Fast,0
Carrie Underwood,Look at Me,0
Carrie Underwood,Low,0
Carrie Underwood,Mama’s Song,0
Carrie Underwood,Mama’s Song (writing session worktape 2/5/09),0
Carrie Underwood,"Mary, Did You Know?",0
Carrie Underwood,Mexico,0
Carrie Underwood,Nobody Ever Told You,0
Carrie Underwood,Nobody Ever Told You (commentary),0
Carrie Underwood,Nothing but the Blood of Jesus,0
Carrie Underwood,O Come All Ye Faithful,0
Carrie Underwood,O Holy Night,0
Carrie Underwood,O How I Love Jesus,0
Carrie Underwood,One Way Ticket,0
Carrie Underwood,One Way Ticket (commentary),0
Carrie Underwood,Out of That Truck,0
Carrie Underwood,Pink Champagne,0
Carrie Underwood,Play On,0
Carrie Underwood,Poor Everybody Else,0
Carrie Underwood,Quitter,0
Carrie Underwood,Relapse,0
Carrie Underwood,Remind Me,0
Carrie Underwood,Renegade Runaway,0
Carrie Underwood,See You Again (commentary),0
Carrie Underwood,She Don’t Know,0
Carrie Underwood,She Don’t Know (LIVE from The Denim & Rhinestones Tour),0
Carrie Underwood,Silent Night,0
Carrie Underwood,So Small (acoustic),0
Carrie Underwood,So Small (writing session worktape 1/24/07),0
Carrie Underwood,Softly and Tenderly,0
Carrie Underwood,Some Hearts,0
Carrie Underwood,Someday When I Stop Loving You,0
Carrie Underwood,Sometimes You Leave,0
Carrie Underwood,Songs Like This,0
Carrie Underwood,Spinning Bottles,0
Carrie Underwood,Starts With Goodbye,0
Carrie Underwood,Sweet Baby Jesus,0
Carrie Underwood,Take Me Out,0
Carrie Underwood,Thank God for Hometowns,0
Carrie Underwood,Thank God for Hometowns (commentary),0
Carrie Underwood,That Song That We Used to Make Love To,0
Carrie Underwood,That’s Where It Is,0
Carrie Underwood,The Bullet,0
Carrie Underwood,The Champion,0
Carrie Underwood,The Fighter,0
Carrie Underwood,The First Noel,0
Carrie Underwood,The Girl You Think I Am,0
Carrie Underwood,The More Boys I Meet,0
Carrie Underwood,The More Boys I Meet (acoustic),0
Carrie Underwood,The Night Before (Life Goes On),0
Carrie Underwood,The Old Rugged Cross,0
Carrie Underwood,This Time,0
Carrie Underwood,Twisted,0
Carrie Underwood,Two Black Cadillacs (commentary),0
Carrie Underwood,Unapologize,0
Carrie Underwood,Velvet Heartbreak,0
Carrie Underwood,Victory in Jesus,0
Carrie Underwood,Wanted Woman,0
Carrie Underwood,Wasted (live),0
Carrie Underwood,We’re Young and Beautiful,0
Carrie Underwood,What Can I Say,0
Carrie Underwood,What Child Is This?,0
Carrie Underwood,What I Never Knew I Always Wanted,0
Carrie Underwood,Wheel of the World,0
Carrie Underwood,Whenever You Remember,0
Carrie Underwood,Who Are You,0
Carrie Underwood,Who Are You (commentary),0
Carrie Underwood,Wine After Whiskey,0
Carrie Underwood,Wine After Whiskey (commentary),0
Carrie Underwood,You Won’t Find This,0
Drake,0to100,0
Drake,2 Hard 4 The Radio,0
Drake,2 Hard 4 the Radio,0
Drake,30 for 30 Freestyle,0
Drake,305 to My City,0
Drake,3AM on Glenwood,0
Drake,4422,0
Drake,4pm in Calabasas,0
Drake,5 Am in Toronto,0
Drake,6 God,0
Drake,6 Man,0
Drake,6PM in New York,0
Drake,7969 Santa,0
Drake,7am on Bridle Path,0
Drake,8 Out of 10,0
Drake,8am in Charlotte,0
Drake,9,0
Drake,9AM in Dallas,0
Drake,A Keeper,0
Drake,A Little Bit,0
Drake,A Night Off,0
Drake,A Scorpio's Mind,0
Drake,A.M. 2 P.M.,0
Drake,About the Game (remix),0
Drake,After Dark,0
Drake,All Me,0
Drake,All This Love,0
Drake,All the Parties,0
Drake,Amazing Shape,0
Drake,Amen,0
Drake,Another Late Night,0
Drake,Asthma Team,0
Drake,Aston Martin Music,0
Drake,Away From Home,0
Drake,B's on the Table,0
Drake,BBL Love (interlude),0
Drake,BBW,0
Drake,BRIAN STEEL,0
Drake,BackOutsideBoyz,0
Drake,Bad Meanin' Good,0
Drake,Bahamas Promises,0
Drake,Barry Bonds Freestyle,0
Drake,Beautiful,0
Drake,Believe It or Not,0
Drake,Big Rings,0
Drake,Bitch Is Crazy,0
Drake,Blem,0
Drake,Blue Tint,0
Drake,Bonus,0
Drake,Brand New,0
Drake,Brand New (remix),0
Drake,Bria’s Interlude,0
Drake,Broke Boys,0
Drake,Buried Alive Interlude,0
Drake,Burning Bridges,0
Drake,B’s On The Table,0
Drake,CELIBACY,0
Drake,CN TOWER,0
Drake,CRYING IN CHANEL,0
Drake,Calling My Name,0
Drake,Calling for You,0
Drake,Cameras / Good Ones Go Interlude,0
Drake,Can I,0
Drake,Cannonball,0
Drake,Cannonns (interlude),0
Drake,Cant Stop Missing U,0
Drake,Can’t Have Everything,0
Drake,Can’t Take a Joke,0
Drake,Cece’s Interlude,0
Drake,Champagne Poetry,0
Drake,Change Locations,0
Drake,Cheetah Print,0
Drake,Chicago Freestyle,0
Drake,Circo Loco,0
Drake,City Is Mine,0
Drake,Classic,0
Drake,Classic PT2,0
Drake,Closer,0
Drake,Closer 2 My Dreams,0
Drake,Club Paradise,0
Drake,Cold Shoulder,0
Drake,Come Real,0
Drake,Come Thru,0
Drake,Come Winter,0
Drake,Comeback Season,0
Drake,Company,0
Drake,Congratulations,0
Drake,Connect,0
Drake,Crew Love,0
Drake,Currents,0
Drake,D4L,0
Drake,DEEPER,0
Drake,DIE TRYING,0
Drake,Daylight,0
Drake,Days in the East,0
Drake,Deep Pockets,0
Drake,Demons,0
Drake,Desires,0
Drake,Diamonds Dancing,0
Drake,Diced Pineapples,0
Drake,Digital Dash,0
Drake,Do It All,0
Drake,Do It Now,0
Drake,Do Not Disturb,0
Drake,Do What You Do,0
Drake,Do What You Wanna Do,0
Drake,Doing It Wrong,0
Drake,Don't Worry,0
Drake,Don't You Have a Man,0
Drake,Don’t Matter to Me,0
Drake,Don’t Worry,0
Drake,Down Hill,0
Drake,Draft Day,0
Drake,Drake's Voice Mail Box #1,0
Drake,Drake's Voice Mail Box #2,0
Drake,Drake's Voice Mail Box #3,0
Drake,Dreams Money Can Buy,0
Drake,Drew a Picasso,0
Drake,Dust,0
Drake,Easy to Please,0
Drake,Elevate,0
Drake,Emotionless,0
Drake,Evil Ways,0
Drake,Evil Ways (Instrumental),0
Drake,Extra Special,0
Drake,Faded,0
Drake,Fair Trade,0
Drake,Faithful,0
Drake,Fall for Your Type,0
Drake,Falling Back,0
Drake,Fancy,0
Drake,Fear of Heights,0
Drake,Final Fantasy,0
Drake,Finesse,0
Drake,Fire & Desire,0
Drake,Fireworks,0
Drake,Firm Friends,0
Drake,First Person Shooter,0
Drake,Flight’s Booked,0
Drake,Fo Real,0
Drake,Forever,0
Drake,Fortworth,0
Drake,Fountains,0
Drake,Free Smoke,0
Drake,Free Spirit,0
Drake,Friends & Money,0
Drake,From Florida With Love,0
Drake,From Time,0
Drake,Fucking Fans,0
Drake,Fucking Problem,0
Drake,Furthest Thing,0
Drake,GIMME A HUG,0
Drake,GLORIOUS,0
Drake,GODsPlan,0
Drake,GREEDY,0
Drake,Gen 5,0
Drake,Gently,0
Drake,Get Along Better,0
Drake,Get It Together,0
Drake,Girls Love Beyoncé,0
Drake,Girls Want Girls,0
Drake,Give Ya,0
Drake,Glow,0
Drake,God’s Plan,0
Drake,Goin In 4 Life,0
Drake,Going in for Life,0
Drake,Goose and the Juice,0
Drake,Grammys,0
Drake,Greatness,0
Drake,HYFR (Hell Ya F***ing Right),0
Drake,HYFR (Hell Ya Fuckin’ Right),0
Drake,Hate Sleeping Alone,0
Drake,Heartbreak Drake Intro,0
Drake,Heat of the Moment,0
Drake,High Fives,0
Drake,Hoe Phase,0
Drake,"Hold On, We’re Going Home",0
Drake,Hours in Silence,0
Drake,Houstatlantavegas,0
Drake,How About Now,0
Drake,How Bout Now,0
Drake,Hurrr Nor Thurrr,0
Drake,Hurrr nor Thurrr,0
Drake,I Do This,0
Drake,I Get Lonely,0
Drake,I Guess It’s Fuck Me,0
Drake,I'm Spent,0
Drake,IDGAF,0
Drake,IMY2,0
Drake,Ice Melts,0
Drake,Ignant Shit,0
Drake,In the Bible,0
Drake,Intro,0
Drake,Is There More,0
Drake,I’m Spent,0
Drake,I’m Still Fly,0
Drake,I’m Upset,0
Drake,I’m the Plug,0
Drake,Jaded,0
Drake,Janice STFU,0
Drake,Jersey,0
Drake,Jimmy Cooks,0
Drake,Jodeci Freestyle,0
Drake,Jorja Interlude,0
Drake,July,0
Drake,Jumbotron Shit Poppin,0
Drake,Jumpman,0
Drake,Jungle,0
Drake,KMT,0
Drake,Karaoke,0
Drake,Keep the Family Close,0
Drake,"Kick, Push (remix)",0
Drake,Killer,0
Drake,Killers,0
Drake,Knife Talk,0
Drake,LASERS,0
Drake,Landed,0
Drake,Lets Call It Off,0
Drake,Let’s Call It Off,0
Drake,Liability,0
Drake,Light Up,0
Drake,Little Birdie,0
Drake,Little Bit,0
Drake,Live From the Gutter,0
Drake,Look What You’ve Done,0
Drake,LookAlive,0
Drake,Lord Knows,0
Drake,Lose My Mind (remix),0
Drake,Lose You,0
Drake,Losses,0
Drake,Love All,0
Drake,Love Me,0
Drake,Love and Guns,0
Drake,Lust for Life,0
Drake,MEET YOUR PADRE,0
Drake,MOTH BALLS,0
Drake,Madiba Riddim,0
Drake,Madonna,0
Drake,Major Distribution,0
Drake,Make Me Proud,0
Drake,Make Me Proud (new),0
Drake,Make Them Cry,0
Drake,Make Them Know,0
Drake,Make Them Pay,0
Drake,Make Them Remember,0
Drake,Make Things Right,0
Drake,Man of the Year,0
Drake,March 14,0
Drake,Marvins Room / Buried Alive Interlude,0
Drake,Massive,0
Drake,Members Only,0
Drake,Middle of the Ocean,0
Drake,Miss Me,0
Drake,Missing You (remix),0
Drake,Mob Ties,0
Drake,Money,0
Drake,Money (remix),0
Drake,Money 2 Blow,0
Drake,More M’s,0
Drake,Must Have Money,0
Drake,My Side,0
Drake,My Zone,0
Drake,N 2 Deep,0
Drake,NOKIA,0
Drake,National Treasures,0
Drake,New Bestie,0
Drake,No Friends in the Industry,0
Drake,No Long Talk,0
Drake,No Tellin’,0
Drake,NoStylist,0
Drake,Not You Too,0
Drake,Nothings Into Somethings,0
Drake,November 18th,0
Drake,Now & Forever,0
Drake,Number 15,0
Drake,OMW,0
Drake,On BS,0
Drake,One Dance,0
Drake,Outro,0
Drake,Outside Tweaking,0
Drake,Over My Dead Body,0
Drake,Over the Bullshit,0
Drake,Overdrive,0
Drake,Own It,0
Drake,PIMMIE’S DILEMMA,0
Drake,Pain 1993,0
Drake,Papi’s Home,0
Drake,Paris Morton Music,0
Drake,Peak,0
Drake,Pianist Hands (interlude),0
Drake,Pipe Down,0
Drake,Plastic Bag,0
Drake,Plot Twist,0
Drake,Poetic Justice,0
Drake,Polar Opposites,0
Drake,Pop Rosé,0
Drake,Pop Style,0
Drake,Portland,0
Drake,Pound Cake / Paris Morton Music 2,0
Drake,Practice,0
Drake,Preach,0
Drake,Princess,0
Drake,Prioritizing,0
Drake,Privileged Rappers,0
Drake,Pussy & Millions,0
Drake,Q&A,0
Drake,Quebec,0
Drake,RAINING IN HOUSTON,0
Drake,Race My Mind,0
Drake,Ran To Atlanta,0
Drake,Ran to Atlanta,0
Drake,Ransom,0
Drake,Ratchet Happy Birthday,0
Drake,Red Button,0
Drake,Red Button (Instrumental),0
Drake,Redemption,0
Drake,Replacement Girl,0
Drake,Rich Baby Daddy,0
Drake,Rich Flex,0
Drake,Right Here,0
Drake,Road Trips,0
Drake,Runaway Girl,0
Drake,Rusty (intro),0
Drake,Rusty Intro,0
Drake,S.T.R.E.S.S.,0
Drake,SMALL TOWN FAME,0
Drake,SOMEBODY LOVES ME,0
Drake,SOMETHING ABOUT YOU,0
Drake,SPIDER-MAN SUPERMAN,0
Drake,SPIDER‐MAN SUPERMAN,0
Drake,Sacrifices,0
Drake,Sandra’s Rose,0
Drake,Say What's Real,0
Drake,Say What’s Real,0
Drake,Scholarships,0
Drake,Screw the World (interlude),0
Drake,Scriptures,0
Drake,Shabang,0
Drake,Share,0
Drake,Shot for Me,0
Drake,Show Me a Good Time,0
Drake,Shut It Down,0
Drake,SickoMode,0
Drake,Since Way Back,0
Drake,Skepta Interlude,0
Drake,Slap the City,0
Drake,Slime You Out,0
Drake,Slow It Down,0
Drake,So Ignorant,0
Drake,Solar Eclipse,0
Drake,Something New,0
Drake,Sooner Than Later,0
Drake,Special,0
Drake,Spin Bout U,0
Drake,Star67,0
Drake,Sticky,0
Drake,Still Got It,0
Drake,Stories About My Brother,0
Drake,Stories About My Brother (Instrumental),0
Drake,Stuck,0
Drake,Stunt Hard,0
Drake,Successful,0
Drake,Summer Games,0
Drake,Summers Over (interlude),0
Drake,Survival,0
Drake,Swagga Like Us,0
Drake,TSU,0
Drake,Take Care,0
Drake,Take Your Girl,0
Drake,Talk Up,0
Drake,Teach U a Lesson,0
Drake,Teenage Fever,0
Drake,Texts Go Green,0
Drake,Thank Me Now,0
Drake,That’s How You Feel,0
Drake,The Calm,0
Drake,The City is Mine (remix),0
Drake,The Grind,0
Drake,The Last Hope,0
Drake,The Motion,0
Drake,The Motto,0
Drake,The Notice,0
Drake,The Presentation,0
Drake,The Real Her,0
Drake,The Remorse,0
Drake,The Resistance,0
Drake,The Ride,0
Drake,The Shoe Fits,0
Drake,The Shoe Fits (Instrumental),0
Drake,Think Good Thoughts,0
Drake,This Bitch is Crazy,0
Drake,Thrill Is Gone,0
Drake,Tie That Binds,0
Drake,Time Flies,0
Drake,To the Floor,0
Drake,Too Good,0
Drake,Too Much,0
Drake,Treacherous Twins,0
Drake,Tried Our Best,0
Drake,True Bestie,0
Drake,Trust Issues,0
Drake,Try Harder,0
Drake,Tuscan Leather,0
Drake,U With Me?,0
Drake,U.P.A. Outro,0
Drake,Under Ground Kings,0
Drake,Underdog,0
Drake,Unforgettable,0
Drake,Unstoppable,0
Drake,Up All Night,0
Drake,Uptown,0
Drake,Used To,0
Drake,Video Girl,0
Drake,Views,0
Drake,Virginia Beach,0
Drake,WHEN HE'S GONE,0
Drake,WHEN HE’S GONE,0
Drake,WNBA,0
Drake,Walkit,0
Drake,War,0
Drake,Way 2 Sexy,0
Drake,We Don't Believe In You,0
Drake,Wednesday Night (interlude),0
Drake,Wednesday Night Interlude,0
Drake,Weston Road Flows,0
Drake,Westwood (remix),0
Drake,Westwood Remix,0
Drake,We’ll Be Fine,0
Drake,What Did I Miss?,0
Drake,What Would Pluto Do,0
Drake,When We Come Around,0
Drake,When to Say When,0
Drake,Where,0
Drake,Where Were You,0
Drake,Where to Now,0
Drake,Where’s Your Stuff Interlude,0
Drake,Which One,0
Drake,Whisper My Name,0
Drake,White Bone,0
Drake,Wick Man,0
Drake,Wick Man (Instrumental),0
Drake,With You,0
Drake,Work to Do,0
Drake,Worst Behavior,0
Drake,Wu‐Tang Forever,0
Drake,Yamaha Mama,0
Drake,Yebba’s Heartbreak,0
Drake,YesIndeed,0
Drake,You & The 6,0
Drake,You Broke My Heart,0
Drake,You Broke My Heart (Instrumental),0
Drake,You Know You Do,0
Drake,You Only Live Twice,0
Drake,Zone,0
Jason Aldean,A Little More Summertime,0
Jason Aldean,After You,0
Jason Aldean,Ain’t Enough Cowboy,0
Jason Aldean,Ain’t No Easy Way,0
Jason Aldean,All Out of Beer,0
Jason Aldean,"Amarillo Sky (live from Nashville, TN)",0
Jason Aldean,Any Ol’ Barstool,0
Jason Aldean,"Any Ol’ Barstool (live from Knoxville, TN)",0
Jason Aldean,Anytime Soon,0
Jason Aldean,Asphalt Cowboy,0
Jason Aldean,Back in This Cigarette,0
Jason Aldean,Backroads of My Memory,0
Jason Aldean,Bad,0
Jason Aldean,Better at Being Who I Am,0
Jason Aldean,"Big Green Tractor (live from Dallas, TX)",0
Jason Aldean,Black Tears,0
Jason Aldean,Blacktop Gone,0
Jason Aldean,Blame It on You,0
Jason Aldean,"Blame It on You (live from Manchester, TN)",0
Jason Aldean,Breakup Breakdown,0
Jason Aldean,Burnin’ It Down,0
Jason Aldean,"Burnin’ It Down (live from St. Louis, MO)",0
Jason Aldean,Came Here to Drink,0
Jason Aldean,Camouflage Hat,0
Jason Aldean,Champagne Town,0
Jason Aldean,Changing Bars,0
Jason Aldean,Church Pew or Bar Stool,0
Jason Aldean,Comin’ in Hot,0
Jason Aldean,Country Boy’s World,0
Jason Aldean,Country Into Rock 'n' Roll,0
Jason Aldean,Cowboy Killer,0
Jason Aldean,Days Like These,0
Jason Aldean,Dirt We Were Raised On,0
Jason Aldean,Dirt to Dust,0
Jason Aldean,Do You Wish It Was Me,0
Jason Aldean,Don’t Change Gone,0
Jason Aldean,Don’t Give Up on Me,0
Jason Aldean,Don’t Tell on Me,0
Jason Aldean,Don’t You Wanna Stay,0
Jason Aldean,Drink One for Me,0
Jason Aldean,Drinking About You,0
Jason Aldean,Drowns the Whiskey,0
Jason Aldean,Dust on the Bottle,0
Jason Aldean,Easier Gone,0
Jason Aldean,Even If I Wanted To,0
Jason Aldean,Fast,0
Jason Aldean,Fast Lanes,0
Jason Aldean,Feel That Again,0
Jason Aldean,Fight a Fire,0
Jason Aldean,First Time Again,0
Jason Aldean,Friends Like That,0
Jason Aldean,From This Beer On,0
Jason Aldean,Get Away From You,0
Jason Aldean,Gettin’ Warmed Up,0
Jason Aldean,God Made Airplanes,0
Jason Aldean,Good Thing Going,0
Jason Aldean,Good to Go,0
Jason Aldean,Grown Woman,0
Jason Aldean,Hard to Love You,0
Jason Aldean,Heaven,0
Jason Aldean,Help You Remember,0
Jason Aldean,Her Favorite Color,0
Jason Aldean,Hicktown,0
Jason Aldean,High Noon Neon,0
Jason Aldean,Highway Desperado,0
Jason Aldean,Holy Water,0
Jason Aldean,How Far Does A Goodbye Go,0
Jason Aldean,Hungover in a Hotel,0
Jason Aldean,I Ain’t Ready to Quit,0
Jason Aldean,I Believe in Ghosts,0
Jason Aldean,I Break Everything I Touch,0
Jason Aldean,I Don’t Do Lonely Well,0
Jason Aldean,I Don’t Drink Anymore,0
Jason Aldean,I Took It With Me,0
Jason Aldean,I Use What I Got,0
Jason Aldean,If I Didn’t Love You,0
Jason Aldean,If My Truck Could Talk,0
Jason Aldean,If She Could See Me Now,0
Jason Aldean,In Case You Don’t Remember,0
Jason Aldean,It Ain’t Easy,0
Jason Aldean,I’ll Wait for You,0
Jason Aldean,I’m Just a Man,0
Jason Aldean,I’m Over You,0
Jason Aldean,"Johnny Cash (live from Los Angeles, CA)",0
Jason Aldean,Just Gettin’ Started,0
Jason Aldean,Just Passing Through,0
Jason Aldean,Keep the Girl,0
Jason Aldean,Keeping It Small Town,0
Jason Aldean,Knew You’d Come Around,0
Jason Aldean,Laid Back,0
Jason Aldean,Let Your Boys Be Country,0
Jason Aldean,Like You Were Mine,0
Jason Aldean,Little Hometown Left,0
Jason Aldean,Lonesome U.S.A.,0
Jason Aldean,Love Me or Don’t,0
Jason Aldean,Love Was Easy,0
Jason Aldean,Lovin' Me Too Long,0
Jason Aldean,Midnight and Missin’ You,0
Jason Aldean,Miss That Girl,0
Jason Aldean,"My Kinda Party (live from St. Louis, MO)",0
Jason Aldean,My Memory Ain’t What It Used to Be,0
Jason Aldean,My Weakness,0
Jason Aldean,No,0
Jason Aldean,Not Every Man Lives,0
Jason Aldean,"Old Boots, New Dirt",0
Jason Aldean,On My Highway,0
Jason Aldean,One Last Look,0
Jason Aldean,One We Won’t Forget,0
Jason Aldean,One for the Road,0
Jason Aldean,Over You Again,0
Jason Aldean,Rather Watch You,0
Jason Aldean,"Rearview Town (live from St. Louis, MO)",0
Jason Aldean,Reason to Love L.A.,0
Jason Aldean,Relentless,0
Jason Aldean,Ride All Night,0
Jason Aldean,Rock and Roll Cowboy,0
Jason Aldean,See You When I See You,0
Jason Aldean,Set It Off,0
Jason Aldean,She Likes It,0
Jason Aldean,She Loved Me,0
Jason Aldean,She’s Country,0
Jason Aldean,"She’s Country (live from Las Vegas, NV)",0
Jason Aldean,She’s Why,0
Jason Aldean,Show You Off,0
Jason Aldean,Small Town Small,0
Jason Aldean,Some Things You Don’t Forget,0
Jason Aldean,Songs About Us,0
Jason Aldean,Staring at the Sun,0
Jason Aldean,Story for Another Glass,0
Jason Aldean,Sweet Little Somethin’,0
Jason Aldean,"Take a Little Ride (live from Las Vegas, NV)",0
Jason Aldean,Talk,0
Jason Aldean,Talk About Georgia,0
Jason Aldean,Tattoos and Tequila,0
Jason Aldean,Texas Was You,0
Jason Aldean,That’s What Tequila Does,0
Jason Aldean,The Best of Me,0
Jason Aldean,The Heartache That Don’t Stop Hurting,0
Jason Aldean,The High Road,0
Jason Aldean,The Only Way I Know,0
Jason Aldean,The Sad Songs,0
Jason Aldean,The Same Way,0
Jason Aldean,The State I’m In,0
Jason Aldean,The Way a Night Should Feel,0
Jason Aldean,They Don’t Know,0
Jason Aldean,This Bar Don’t Work Anymore,0
Jason Aldean,This I Gotta See,0
Jason Aldean,This Nothin’ Town,0
Jason Aldean,This Plane Don’t Go There,0
Jason Aldean,Too Fast,0
Jason Aldean,Too Much You for Me,0
Jason Aldean,Tough Crowd,0
Jason Aldean,Trouble With A Heartbreak,0
Jason Aldean,Try That in a Small Town,0
Jason Aldean,Tryin’ to Love Me,0
Jason Aldean,Up in Smoke,0
Jason Aldean,Walking Away,0
Jason Aldean,Watching You Love Me,0
Jason Aldean,Water Tower,0
Jason Aldean,What’s a Little Heartache,0
Jason Aldean,Wheels Rollin’,0
Jason Aldean,When the Lights Go Out,0
Jason Aldean,Whiskey Drink,0
Jason Aldean,Whiskey Me Away,0
Jason Aldean,Whiskey’d Up,0
Jason Aldean,Whose Rearview,0
Jason Aldean,Who’s Kissing You Tonight,0
Jason Aldean,Wide Open,0
Jason Aldean,Your Mama,0
Jason Aldean,You’re the Love I Wanna Be In,0
Keith Urban,'Til Summer Comes Around (live From the HIGH AND ALIVE WORLD TOUR),0
Keith Urban,A Little Luck of Our Own,0
Keith Urban,Ain’t It Like a Woman,0
Keith Urban,All for You,0
Keith Urban,Arms of Mary,0
Keith Urban,Baby Come Back,0
Keith Urban,Better Life,0
Keith Urban,"Better Life (live at The Arena at Gwinnett, GA/2008)",0
Keith Urban,Better Than I Am,0
Keith Urban,Big Promises,0
Keith Urban,Billy,0
Keith Urban,Black Leather Jacket,0
Keith Urban,Blue Ain't Your Color (live From the HIGH AND ALIVE WORLD TOUR),0
Keith Urban,Blue Ain’t Your Color,0
Keith Urban,Blue Sky (Prelude),0
Keith Urban,Blue Stranger,0
Keith Urban,Boy Gets a Truck,0
Keith Urban,Break The Chain,0
Keith Urban,Break on Me,0
Keith Urban,But for the Grace of God,0
Keith Urban,But for the Grace of God (radio edit),0
Keith Urban,Call My Name,0
Keith Urban,Change Your Mind,0
Keith Urban,Chuck Taylors,0
Keith Urban,Chuck Taylors (live From the HIGH AND ALIVE WORLD TOUR),0
Keith Urban,Clutterbilly,0
Keith Urban,Come Back to Me,0
Keith Urban,Coming Home,0
Keith Urban,Cop Car (live From the HIGH AND ALIVE WORLD TOUR),0
Keith Urban,Country Comfort,0
Keith Urban,Days Go By,0
Keith Urban,Days Go By (Jeremy Wheatley mix),0
Keith Urban,Days Go By (live From the HIGH AND ALIVE WORLD TOUR),0
Keith Urban,Days Go by,0
Keith Urban,Daytona,0
Keith Urban,Desiree,0
Keith Urban,Dodge In A Silverado,0
Keith Urban,Don't Shut Me Out (Soundcheck),0
Keith Urban,Don’t Go,0
Keith Urban,Don’t Shut Me Out,0
Keith Urban,Drop Top,0
Keith Urban,Even the Stars Fall 4 U,0
Keith Urban,"Everybody (live at The Arena at Gwinnett, GA/2008)",0
Keith Urban,Everybody (single edit),0
Keith Urban,Faster Car,0
Keith Urban,Female,0
Keith Urban,Forever,0
Keith Urban,Free Fallin,0
Keith Urban,Freedom’s Finally Mine,0
Keith Urban,Future Plans,0
Keith Urban,Gemini,0
Keith Urban,Georgia Woods,0
Keith Urban,Gettin’ in the Way,0
Keith Urban,Ghost in this Guitar,0
Keith Urban,Go Home W U,0
Keith Urban,God Made Woman,0
Keith Urban,God’s Been Good to Me,0
Keith Urban,Goin’ Crazy World,0
Keith Urban,Gone Tomorrow (Here Today),0
Keith Urban,Gone Tomorrow (Here Today) (Jimmy Kimmel Live Mix),0
Keith Urban,Gonna B Good,0
Keith Urban,Good Thing,0
Keith Urban,Got It Bad,0
Keith Urban,Got It Right This Time,0
Keith Urban,Got It Right This Time (The Celebration),0
Keith Urban,Grace of God,0
Keith Urban,Guitar Man,0
Keith Urban,Habit of You,0
Keith Urban,Hank Don’t Fail Me Now,0
Keith Urban,Heart Like A Hometown,0
Keith Urban,Heart Like Mine,0
Keith Urban,Heart Like a Hometown,0
Keith Urban,Heart Like a Hometown (live From the HIGH AND ALIVE WORLD TOUR),0
Keith Urban,Help Is On Its Way,0
Keith Urban,Help Is on Its Way,0
Keith Urban,Higher Love (from Global Citizen’s One World: Together at Home),0
Keith Urban,Hit the Ground Runnin’,0
Keith Urban,Hold on to Your Dreams,0
Keith Urban,Homespun Love,0
Keith Urban,Homespun Love (Soundcheck),0
Keith Urban,Horses,0
Keith Urban,How Much I Feel,0
Keith Urban,I Can’t Stop Loving You,0
Keith Urban,I Could Fly,0
Keith Urban,I Just Wanna Stop,0
Keith Urban,I Never Work on a Sunday,0
Keith Urban,I Thought You Knew,0
Keith Urban,I Told You So (single edit),0
Keith Urban,I Wanna Be Your Man (Forever),0
Keith Urban,I just Wanna Stop,0
Keith Urban,If Ever I Could Love,0
Keith Urban,If You Wanna Stay,0
Keith Urban,It’s a Love Thing,0
Keith Urban,I’m In,0
Keith Urban,I’m In (MachoPsycho mix),0
Keith Urban,Jeans On,0
Keith Urban,Jeans on,0
Keith Urban,"John Cougar, John Deere, John 3:16 (live From the HIGH AND ALIVE WORLD TOUR)",0
Keith Urban,Just Some Love,0
Keith Urban,Just The Two Of Us,0
Keith Urban,Just the Two of Us,0
Keith Urban,Kiss a Girl / Who Wouldn't Wanna Be Me (live From the HIGH AND ALIVE WORLD TOUR),0
Keith Urban,Laughin’ All The Way To The Drank,0
Keith Urban,Laughin’ All the Way to the Drank,0
Keith Urban,Live With,0
Keith Urban,Live to Love Another Day,0
Keith Urban,Long Hot Summer (live From the HIGH AND ALIVE WORLD TOUR),0
Keith Urban,Love Is Hard,0
Keith Urban,Love We Got Goin’,0
Keith Urban,Love the Way It Hurts (So Good),0
Keith Urban,Love’s Poster Child,0
Keith Urban,Lovin’ on the Side,0
Keith Urban,Lucky Charm,0
Keith Urban,Magnet and Steel,0
Keith Urban,Making Memories of Us,0
Keith Urban,Man of the House,0
Keith Urban,Messed Up As Me,0
Keith Urban,Messed Up as Me,0
Keith Urban,Messed Up as Me (live From the HIGH AND ALIVE WORLD TOUR),0
Keith Urban,My Heart Is Open,0
Keith Urban,My Last Name,0
Keith Urban,My Wave,0
Keith Urban,My Wave (intro),0
Keith Urban,Never Comin Down,0
Keith Urban,Nobody Drinks Alone,0
Keith Urban,On and On,0
Keith Urban,"Once in a Lifetime (live at The Arena at Gwinnett, GA/2008)",0
Keith Urban,One Too Many,0
Keith Urban,One Too Many (live From the HIGH AND ALIVE WORLD TOUR),0
Keith Urban,Only You,0
Keith Urban,Out on My Own,0
Keith Urban,Out the Cage,0
Keith Urban,Parallel Line,0
Keith Urban,Polaroid,0
Keith Urban,Raining on Sunday,0
Keith Urban,Raining on Sunday (radio edit),0
Keith Urban,Raining on a Sunday,0
Keith Urban,Raise the Barn,0
Keith Urban,Raise ’Em Up,0
Keith Urban,Red Camaro,0
Keith Urban,Right On Back to You,0
Keith Urban,Rollercoaster,0
Keith Urban,Romeo’s Tune,0
Keith Urban,Same Heart,0
Keith Urban,Say Something,0
Keith Urban,Shame,0
Keith Urban,She's Gotta Be,0
Keith Urban,She’s Gotta Be,0
Keith Urban,She’s My 11,0
Keith Urban,Shine,0
Keith Urban,Shut Out the Lights,0
Keith Urban,Some Days You Gotta Dance,0
Keith Urban,Somebody Like You,0
Keith Urban,Somebody Like You (live From the HIGH AND ALIVE WORLD TOUR),0
Keith Urban,Somewhere in My Car With the Way It Is (live From the HIGH AND ALIVE WORLD TOUR),0
Keith Urban,Song for Dad,0
Keith Urban,Soul Food,0
Keith Urban,Standing Right in Front of You,0
Keith Urban,Steal Away,0
Keith Urban,Steal My Thunder,0
Keith Urban,Straight Line,0
Keith Urban,Straight Line (live From the HIGH AND ALIVE WORLD TOUR),0
Keith Urban,Stuck in the Middle,0
Keith Urban,Summer Breeze,0
Keith Urban,Sun Don’t Let Me Down,0
Keith Urban,Superman,0
Keith Urban,Tangled Up in Love,0
Keith Urban,Texas Time,0
Keith Urban,Texas Time (intro),0
Keith Urban,Thank You,0
Keith Urban,That Could Still Be Us,0
Keith Urban,The Fighter,0
Keith Urban,The Fighter (live From the HIGH AND ALIVE WORLD TOUR),0
Keith Urban,The Hard Way,0
Keith Urban,The Luxury of Knowing,0
Keith Urban,The River,0
Keith Urban,The Unknown Track,0
Keith Urban,These Are the Days,0
Keith Urban,These Are the Days (Intro),0
Keith Urban,These Are the Days (Outro),0
Keith Urban,Tu compañía,0
Keith Urban,Tumbleweed,0
Keith Urban,Used to the Pain,0
Keith Urban,Walkin’ the Country,0
Keith Urban,Wasted Time With Folsom Prison Blues (live From the HIGH AND ALIVE WORLD TOUR),0
Keith Urban,Way Too Long,0
Keith Urban,We Go Back,0
Keith Urban,We Were Us,0
Keith Urban,What About Me,0
Keith Urban,What Love Is That Way,0
Keith Urban,Whenever I Run,0
Keith Urban,Where the Blacktop Ends,0
Keith Urban,Where the Blacktop Ends (live From the HIGH AND ALIVE WORLD TOUR),0
Keith Urban,Where the Blacktop Ends (radio edit),0
Keith Urban,Who Wouldn't Wanna Be Me,0
Keith Urban,Who Wouldn’t Wanna Be Me,0
Keith Urban,Who Wouldn’t Wanna Be Me (radio edit),0
Keith Urban,Why’s It Feel So Long,0
Keith Urban,Wildside,0
Keith Urban,Winning,0
Keith Urban,With You,0
Keith Urban,Won’t Let You Down,0
Keith Urban,Worry ’Bout Nothin’,0
Keith Urban,Yesterday,0
Keith Urban,You (Or Somebody Like You),0
Keith Urban,You Get What You Give (live From the HIGH AND ALIVE WORLD TOUR),0
Keith Urban,You Look Good in My Shirt (live From the HIGH AND ALIVE WORLD TOUR),0
Keith Urban,"You Look Good in My Shirt (live at The Arena at Gwinnett, GA/2008)",0
Keith Urban,You Won,0
Keith Urban,You'll Think of Me,0
Keith Urban,You'll Think of Me (live From the HIGH AND ALIVE WORLD TOUR),0
Keith Urban,You're My Better Half,0
Keith Urban,You're Not Alone (Soundcheck),0
Keith Urban,Your Body,0
Keith Urban,Your Everything,0
Keith Urban,You’ll Think of Me,0
Keith Urban,You’ll Think of Me (The Hot mix),0
Keith Urban,You’ll Think of Me (radio edit),0
Keith Urban,You’re My Better Half,0
Keith Urban,You’re Not Alone Tonight,0
Keith Urban,You’re Not My God,0
Keith Urban,You’re Not My God / [One Chord Song],0
Keith Urban,You’re the Only One,0
Keith Urban,[data],0
Keith Urban,’Til Summer Comes Around,0
Kenny Chesney,(Turn Out the Light) Love Me Tonight,0
Kenny Chesney,A Chance,0
Kenny Chesney,A Lot of Things Different,0
Kenny Chesney,A Woman Knows,0
Kenny Chesney,Ain’t Back Yet,0
Kenny Chesney,Ain’t Back Yet (Credits),0
Kenny Chesney,Ain’t Ever Going Back Again,0
Kenny Chesney,Ain’t That Love,0
Kenny Chesney,All I Need to Know,0
Kenny Chesney,All I Want for Christmas Is a Real Good Tan,0
Kenny Chesney,Always Gonna Be You,0
Kenny Chesney,Angel Loved the Devil,0
Kenny Chesney,Another Friday Night,0
Kenny Chesney,Anything But Mine,0
Kenny Chesney,Anything but Mine,0
Kenny Chesney,Back Where I Come From,0
Kenny Chesney,Back Where I Come From (live),0
Kenny Chesney,Back in My Arms Again,0
Kenny Chesney,Baptism,0
Kenny Chesney,Bar at the End of the World,0
Kenny Chesney,Be As You Are,0
Kenny Chesney,Beautiful World,0
Kenny Chesney,Because of Your Love,0
Kenny Chesney,Beer Can Chicken,0
Kenny Chesney,Behind the scenes interview with Kenny Chesney,0
Kenny Chesney,Being Drunk’s a Lot Like Loving You,0
Kenny Chesney,Better Boat,0
Kenny Chesney,Between Midnight and Daylight,0
Kenny Chesney,Big Star,0
Kenny Chesney,Blame It on the Salt,0
Kenny Chesney,Boats,0
Kenny Chesney,Born,0
Kenny Chesney,Boston,0
Kenny Chesney,"Brandy, You’re a Fine Girl",0
Kenny Chesney,Bucket,0
Kenny Chesney,Burn My Boat,0
Kenny Chesney,California,0
Kenny Chesney,Carry On,0
Kenny Chesney,Christmas in Dixie,0
Kenny Chesney,Coach,0
Kenny Chesney,Coastal,0
Kenny Chesney,Coconut Tree,0
Kenny Chesney,"Come Here, Go Away",0
Kenny Chesney,Come Monday,0
Kenny Chesney,Count The Days I'm Gone,0
Kenny Chesney,Dancin’ for the Groceries,0
Kenny Chesney,Demons,0
Kenny Chesney,Dialogue,0
Kenny Chesney,Don't Get Burned By The Game,0
Kenny Chesney,Don't Happen Twice,0
Kenny Chesney,Don't It,0
Kenny Chesney,Don’t Blink,0
Kenny Chesney,Don’t Happen Twice,0
Kenny Chesney,Down the Road,0
Kenny Chesney,Dreams,0
Kenny Chesney,Drink It Up,0
Kenny Chesney,Dust on the Bottle,0
Kenny Chesney,Ends of the Earth,0
Kenny Chesney,Every Heart,0
Kenny Chesney,Everybody Wants to Go to Heaven,0
Kenny Chesney,Everyone She Knows,0
Kenny Chesney,Everywhere We Go,0
Kenny Chesney,Fall in Love,0
Kenny Chesney,Fall in Love (remix),0
Kenny Chesney,Feel Like a Rock Star,0
Kenny Chesney,Few Good Stories,0
Kenny Chesney,Fields of Glory,0
Kenny Chesney,Flip Flop Summer,0
Kenny Chesney,Flora-Bama,0
Kenny Chesney,Flora‐Bama,0
Kenny Chesney,For the First Time,0
Kenny Chesney,Freedom,0
Kenny Chesney,French Kissing Life,0
Kenny Chesney,From Hillbilly Heaven to Honky Tonk Hell,0
Kenny Chesney,Going To Daytona,0
Kenny Chesney,Goldfish,0
Kenny Chesney,Good Old Boy At Heart,0
Kenny Chesney,Got a Little Crazy,0
Kenny Chesney,Grandpa Told Me So,0
Kenny Chesney,Guilty Pleasure,0
Kenny Chesney,Guitars and Tiki Bars,0
Kenny Chesney,Gulf Moon,0
Kenny Chesney,Guys Named Captain,0
Kenny Chesney,Happy Does,0
Kenny Chesney,Happy on the Hey Now (A Song for Kristi),0
Kenny Chesney,Heartbreakers,0
Kenny Chesney,Hemingway’s Whiskey,0
Kenny Chesney,High and Dry,0
Kenny Chesney,Honey Would You Stand by Me,0
Kenny Chesney,How Forever Feels,0
Kenny Chesney,I Always Get Lucky With You,0
Kenny Chesney,I Can’t Go There (acoustic version),0
Kenny Chesney,I Didn’t Get Here Alone,0
Kenny Chesney,I Finally Found Somebody,0
Kenny Chesney,I Go Back,0
Kenny Chesney,I Lost It,0
Kenny Chesney,I Might Get Over You,0
Kenny Chesney,I Remember,0
Kenny Chesney,I Want My Rib Back,0
Kenny Chesney,I Want to Know What Love Is,0
Kenny Chesney,I Will Stand,0
Kenny Chesney,I Wonder Do You Think of Me,0
Kenny Chesney,I'm on Fire,0
Kenny Chesney,If This Bus Could Talk,0
Kenny Chesney,In My Wildest Dreams,0
Kenny Chesney,In This Boat Alone,0
Kenny Chesney,In a Small Town,0
Kenny Chesney,Island Boy,0
Kenny Chesney,Island Rain,0
Kenny Chesney,It Just Got Weird,0
Kenny Chesney,It’s Never Easy to Say Goodbye,0
Kenny Chesney,It’s That Time of Day,0
Kenny Chesney,I’d Love to Change Your Name,0
Kenny Chesney,I’ll Be Home for Christmas,0
Kenny Chesney,I’m Alive,0
Kenny Chesney,I’m a Small Town,0
Kenny Chesney,Jesus and Elvis,0
Kenny Chesney,Jingle Bells,0
Kenny Chesney,Just Not Today,0
Kenny Chesney,Just Put a Ribbon in Your Hair,0
Kenny Chesney,Just a Kid,0
Kenny Chesney,Just to Say We Did,0
Kenny Chesney,Keg in the Closet,0
Kenny Chesney,Key Lime Pie,0
Kenny Chesney,Key’s in the Conch Shell,0
Kenny Chesney,"Kiss Me, Kiss Me, Kiss Me",0
Kenny Chesney,Knowing You,0
Kenny Chesney,Life Is Good,0
Kenny Chesney,Life on a Rock,0
Kenny Chesney,Like Me,0
Kenny Chesney,Lindy,0
Kenny Chesney,Live Those Songs,0
Kenny Chesney,Live Those Songs (live),0
Kenny Chesney,"Lonely, Needin’ Lovin’",0
Kenny Chesney,Long Gone,0
Kenny Chesney,Love for Love City,0
Kenny Chesney,Luke The Drifter,0
Kenny Chesney,Magic,0
Kenny Chesney,Makes Me Wonder,0
Kenny Chesney,Marina del Rey,0
Kenny Chesney,Marley,0
Kenny Chesney,Me and You,0
Kenny Chesney,Medley: The Joker / Three Little Birds,0
Kenny Chesney,Must Be Something I Missed,0
Kenny Chesney,My Anthem,0
Kenny Chesney,My Poor Old Heart,0
Kenny Chesney,Never Gonna Feel Like That Again,0
Kenny Chesney,"No Shoes, No Shirt, No Problems",0
Kenny Chesney,"No Shoes, No Shirt, No Problems (single version)",0
Kenny Chesney,No Small Miracle,0
Kenny Chesney,"Nowhere to Go, Nowhere to Be",0
Kenny Chesney,O Little Town of Bethlehem,0
Kenny Chesney,Old Bird Dog,0
Kenny Chesney,Old Blue Chair,0
Kenny Chesney,Old Blue Chair (Ocean mix),0
Kenny Chesney,On the Coast of Somewhere Beautiful,0
Kenny Chesney,One Lonely Island,0
Kenny Chesney,One More Sunset,0
Kenny Chesney,One Step Up,0
Kenny Chesney,Only Time Will Tell,0
Kenny Chesney,Outta Here,0
Kenny Chesney,"Paris, Tennessee",0
Kenny Chesney,Pirate Song,0
Kenny Chesney,Please Come to Boston (live),0
Kenny Chesney,Poets & Pirates Tour Opening,0
Kenny Chesney,Pretty Paper,0
Kenny Chesney,Remember Me That Way,0
Kenny Chesney,Rich and Miserable,0
Kenny Chesney,Rock Bottom,0
Kenny Chesney,Round and Round,0
Kenny Chesney,Sad Casino,0
Kenny Chesney,Santa Claus Is Back in Town,0
Kenny Chesney,Scare Me,0
Kenny Chesney,Setting the World on Fire,0
Kenny Chesney,Seven Days,0
Kenny Chesney,She Always Says It First,0
Kenny Chesney,She Gets That Way,0
Kenny Chesney,She Thinks My Tractor's Sexy,0
Kenny Chesney,She Thinks My Tractor’s Sexy,0
Kenny Chesney,Sherry’s Living in Paradise,0
Kenny Chesney,She’s Got It All,0
Kenny Chesney,Shiftwork,0
Kenny Chesney,Shot Glass,0
Kenny Chesney,Shot a Car Into Space,0
Kenny Chesney,Silent Night,0
Kenny Chesney,Silver Bells,0
Kenny Chesney,Silver Sands Marina,0
Kenny Chesney,Sing ’Em Good My Friend,0
Kenny Chesney,Small Y’all,0
Kenny Chesney,Some People Change,0
Kenny Chesney,Some Town Somewhere,0
Kenny Chesney,Somebody Take Me Home,0
Kenny Chesney,Somebody’s Callin’,0
Kenny Chesney,Someone Else’s Hog,0
Kenny Chesney,Someone to Fix,0
Kenny Chesney,Somewhere in the Sun,0
Kenny Chesney,Song for the Saints,0
Kenny Chesney,Soul of a Sailor,0
Kenny Chesney,Southern Ladies,0
Kenny Chesney,Spirit of a Storm,0
Kenny Chesney,Spread the Love,0
Kenny Chesney,Steamy Windows,0
Kenny Chesney,Streets,0
Kenny Chesney,Take Her Home,0
Kenny Chesney,Talkin’ Dirt,0
Kenny Chesney,Ten With a Two,0
Kenny Chesney,Tennessee Mountain Home,0
Kenny Chesney,Tequila Love Me,0
Kenny Chesney,Tequila Loves Me,0
Kenny Chesney,Thank God for Kids,0
Kenny Chesney,That Lucky Old Sun (Just Rolls Around Heaven All Day),0
Kenny Chesney,That’s Why I’m Here,0
Kenny Chesney,The Angel at the Top of My Tree,0
Kenny Chesney,The Big Revival,0
Kenny Chesney,The Bigger the Fool (The Harder the Fall),0
Kenny Chesney,The Good Stuff,0
Kenny Chesney,The Life,0
Kenny Chesney,The Road and the Radio,0
Kenny Chesney,The Tin Man,0
Kenny Chesney,The Way I Love You Now,0
Kenny Chesney,The Woman With You,0
Kenny Chesney,There Goes My Life,0
Kenny Chesney,There’s Something Sexy About the Rain,0
Kenny Chesney,Thinkin’ Bout,0
Kenny Chesney,This Is Our Moment,0
Kenny Chesney,This Too Shall Pass,0
Kenny Chesney,Time Flies,0
Kenny Chesney,To Get to You (55th and 3rd),0
Kenny Chesney,Top Down,0
Kenny Chesney,Trip Around the Sun,0
Kenny Chesney,Trying to Reason With Hurricane Season,0
Kenny Chesney,Turn for the Worse,0
Kenny Chesney,Wasted,0
Kenny Chesney,Way Down Here,0
Kenny Chesney,We Do,0
Kenny Chesney,Welcome to the Fishbowl,0
Kenny Chesney,We’re All Here,0
Kenny Chesney,What I Need to Do,0
Kenny Chesney,What I Need to Do (live),0
Kenny Chesney,What We Got Going On,0
Kenny Chesney,Whatever It Takes,0
Kenny Chesney,When I Close My Eyes,0
Kenny Chesney,When I See This Bar,0
Kenny Chesney,When I Think About Leaving,0
Kenny Chesney,When She Calls Me Baby,0
Kenny Chesney,When the Sun Goes Down,0
Kenny Chesney,Where Did The Years Go,0
Kenny Chesney,Where I Grew Up,0
Kenny Chesney,Wherever You Are Tonight,0
Kenny Chesney,While He Still Knows Who I Am,0
Kenny Chesney,Who You'd Be Today,0
Kenny Chesney,Wife and Kids,0
Kenny Chesney,Wild Child,0
Kenny Chesney,Wild Ride,0
Kenny Chesney,Wind On,0
Kenny Chesney,Winnebago,0
Kenny Chesney,Won't Take Less Than Your Love,0
Kenny Chesney,Written In Stone,0
Kenny Chesney,You Don’t Get To,0
Kenny Chesney,You Had Me From Hello,0
Kenny Chesney,"You Win, I Win, We Lose",0
Kenny Chesney,You and Tequila,0
Kenny Chesney,Young,0
Luke Bryan,All My Friends Say - Karaoke,0
Luke Bryan,Apologize,0
Luke Bryan,Are You Leaving With Him,0
Luke Bryan,Baby’s on the Way,0
Luke Bryan,Bad Lovers,0
Luke Bryan,"Been There, Done That",0
Luke Bryan,Beer in the Headlights,0
Luke Bryan,Better Than My Heart,0
Luke Bryan,Bill Dance,0
Luke Bryan,Blood Brothers,0
Luke Bryan,Born Here Live Here Die Here,0
Luke Bryan,Buddies,0
Luke Bryan,Build Me a Daddy,0
Luke Bryan,But I Got a Beer in My Hand,0
Luke Bryan,Buy Dirt,0
Luke Bryan,Checkin’ Out,0
Luke Bryan,Chuggin’ Along,0
Luke Bryan,Closing Time in California,0
Luke Bryan,Cold Beer Drinker,0
Luke Bryan,Corner Booth,0
Luke Bryan,Country Does,0
Luke Bryan,Country Girl (Shake It For Me) - Karaoke,0
Luke Bryan,Country Man - Karaoke,0
Luke Bryan,Country On,0
Luke Bryan,Country Song Came On,0
Luke Bryan,Country and She Knows It,0
Luke Bryan,Crooked Rows of Corn,0
Luke Bryan,Dirt Road Diary,0
Luke Bryan,Doin’ My Thing,0
Luke Bryan,Down Goes the Whiskey,0
Luke Bryan,Down to One,0
Luke Bryan,Drink A Beer - Karaoke,0
Luke Bryan,Drink a Little Whiskey Down,0
Luke Bryan,Drinking Again,0
Luke Bryan,Drinkin’ Beer and Wastin’ Bullets,0
Luke Bryan,Driving This Thing,0
Luke Bryan,Every Time I See You,0
Luke Bryan,Faded Away,0
Luke Bryan,Favorite Flowers,0
Luke Bryan,Finders Keepers,0
Luke Bryan,First Love Song,0
Luke Bryan,Fish Hunt Golf Drink,0
Luke Bryan,Fish on the Wall,0
Luke Bryan,Floatin’ This Creek,0
Luke Bryan,For a Boat,0
Luke Bryan,For the Kids,0
Luke Bryan,Good Directions,0
Luke Bryan,Good Lookin’ Girl,0
Luke Bryan,Goodbye Girl,0
Luke Bryan,Harvest Time,0
Luke Bryan,Here’s to the Farmer,0
Luke Bryan,Home Alone Tonight,0
Luke Bryan,Hooked on It,0
Luke Bryan,Hungover in a Hotel Room,0
Luke Bryan,"Huntin', Fishin', And Lovin' Everyday - Karaoke",0
Luke Bryan,"Huntin’, Fishin’ and Lovin’ Every Day",0
Luke Bryan,I Did It Again,0
Luke Bryan,I Don't Want This Night To End - Karaoke,0
Luke Bryan,I Don’t Want This Night to End,0
Luke Bryan,I Knew You That Way,0
Luke Bryan,I Know You’re Gonna Be There,0
Luke Bryan,I Liked Loving You,0
Luke Bryan,If You Ain’t Here to Party,0
Luke Bryan,In Love With the Girl,0
Luke Bryan,I’ll Stay Me,0
Luke Bryan,I’m on a Tractor,0
Luke Bryan,Jesus ’Bout My Kids,0
Luke Bryan,Just Over,0
Luke Bryan,Just a Sip,0
Luke Bryan,Kansas,0
Luke Bryan,Kill the Lights,0
Luke Bryan,Killer,0
Luke Bryan,Knockin’ Boots,0
Luke Bryan,Land of a Million Songs,0
Luke Bryan,Like We Ain’t Ever,0
Luke Bryan,Like You Say You Do,0
Luke Bryan,Little Bit Later On,0
Luke Bryan,Little Boys Grow Up and Dogs Get Old,0
Luke Bryan,Little Less Broken,0
Luke Bryan,Love It Gone,0
Luke Bryan,"Love You, Miss You, Mean It",0
Luke Bryan,Love in a College Town,0
Luke Bryan,Made It a Memory,0
Luke Bryan,Mind of a Country Boy,0
Luke Bryan,Most People Are Gone,0
Luke Bryan,Muckalee Creek Water,0
Luke Bryan,My Ol’ Bronco,0
Luke Bryan,Night One,0
Luke Bryan,Out Like That,0
Luke Bryan,Out of Nowhere Girl,0
Luke Bryan,Over the River,0
Luke Bryan,Pair of Boots,0
Luke Bryan,Pick It Up,0
Luke Bryan,Play It Again - Karaoke,0
Luke Bryan,Pray About Everything,0
Luke Bryan,Praying by the Rules,0
Luke Bryan,Prayin’ in a Deer Stand,0
Luke Bryan,Rain Is A Good Thing - Karaoke,0
Luke Bryan,Razor Blade,0
Luke Bryan,Scarecrows,0
Luke Bryan,Shake the Sand,0
Luke Bryan,She Get Me High,0
Luke Bryan,She's a Hot One,0
Luke Bryan,She’s Still Got It,0
Luke Bryan,Shore Thing,0
Luke Bryan,Shut It Down,0
Luke Bryan,Signs,0
Luke Bryan,Songs You Never Heard,0
Luke Bryan,Sorority Girl,0
Luke Bryan,Sorority Girl (demo),0
Luke Bryan,Southern and Slow,0
Luke Bryan,Spring Breakdown,0
Luke Bryan,Spring Break‐Up,0
Luke Bryan,Strip It Down - Karaoke,0
Luke Bryan,Sunburnt Lips,0
Luke Bryan,Suntan City,0
Luke Bryan,Tackle Box,0
Luke Bryan,Tailgate Blues,0
Luke Bryan,Take My Drunk Ass Home,0
Luke Bryan,Take My Drunk Ass Home (demo),0
Luke Bryan,That's My Kind Of Night - Karaoke,0
Luke Bryan,That’s My Kind of Night,0
Luke Bryan,The Car in Front of Me,0
Luke Bryan,The Sand I Brought to the Beach,0
Luke Bryan,To the Moon and Back,0
Luke Bryan,Too Damn Young,0
Luke Bryan,Too Drunk to Drive,0
Luke Bryan,Up,0
Luke Bryan,Waves,0
Luke Bryan,Way Way Back,0
Luke Bryan,We Rode in Trucks,0
Luke Bryan,We Run This Town,0
Luke Bryan,Welcome to the Farm,0
Luke Bryan,What Country Is,0
Luke Bryan,What Is It With You,0
Luke Bryan,What Makes You Country,0
Luke Bryan,Where Are We Goin’,0
Luke Bryan,Wild Weekend,0
Luke Bryan,Win Life,0
Luke Bryan,Woods,0
Luke Bryan,Word on the Street,0
Luke Bryan,Ya’ll Can Have This Town,0
Luke Bryan,You Don’t Know Jack,0
Luke Bryan,You Make Me Want To,0
Luke Bryan,You and the Beach,0
Luke Bryan,Your Mama Should’ve Named You Whiskey,0
Taylor Swift,22 (Taylor’s version),0
Taylor Swift,22 (Taylor’s version) (lyric video),0
Taylor Swift,22 (commentary),0
Taylor Swift,A Look Behind the Curtain,0
Taylor Swift,A Message From Taylor,0
Taylor Swift,A Perfectly Good Heart,0
Taylor Swift,A Perfectly Good Heart (commentary),0
Taylor Swift,A Place in This World,0
Taylor Swift,A Place in This World (commentary),0
Taylor Swift,Actually Romantic,0
Taylor Swift,Actually Romantic (Track by Track),0
Taylor Swift,Afterglow,0
Taylor Swift,All Too Well,0
Taylor Swift,All Too Well (10 Minute version) (Taylor’s version) (from The Vault),0
Taylor Swift,All Too Well (10 Minute version) (Taylor’s version) (from the Vault) (lyric video),0
Taylor Swift,All Too Well (10 minute version) (Taylor’s version) (from The Vault),0
Taylor Swift,All Too Well (Taylor’s version),0
Taylor Swift,All Too Well (Taylor’s version) (lyric video),0
Taylor Swift,All Too Well (commentary),0
Taylor Swift,All Too Well: The Short Film,0
Taylor Swift,All You Had to Do Was Stay,0
Taylor Swift,All You Had to Do Was Stay (Taylor’s version),0
Taylor Swift,All You Had to Do Was Stay (commentary),0
Taylor Swift,All’s fair in love and poetry...,0
Taylor Swift,"And, baby, that’s show business for you",0
Taylor Swift,Anti‐Hero,0
Taylor Swift,Audio Interview Piece,0
Taylor Swift,Babe,0
Taylor Swift,Babe (Taylor’s version) (from The Vault),0
Taylor Swift,Babe (Taylor’s version) (from the Vault) (lyric video),0
Taylor Swift,Babylon,0
Taylor Swift,Back to December (Taylor’s version),0
Taylor Swift,Back to December (acoustic),0
Taylor Swift,Back to December (commentary),0
Taylor Swift,Back to December / Apologize / You’re Not Sorry,0
Taylor Swift,Bad Blood,0
Taylor Swift,Bad Blood (Taylor’s version),0
Taylor Swift,Bad Blood (commentary),0
Taylor Swift,Beautiful Eyes,0
Taylor Swift,Begin Again (Taylor’s version),0
Taylor Swift,Begin Again (Taylor’s version) (lyric video),0
Taylor Swift,Begin Again (commentary),0
Taylor Swift,"Behind the Scenes ""Mine"" Music Video",0
Taylor Swift,Bejeweled,0
Taylor Swift,Bette Davis Eyes,0
Taylor Swift,Better Man,0
Taylor Swift,Better Man (Taylor’s version) (from The Vault),0
Taylor Swift,Better Man (Taylor’s version) (from the Vault) (lyric video),0
Taylor Swift,Better Than Revenge,0
Taylor Swift,Better Than Revenge (Taylor’s version),0
Taylor Swift,Better Than Revenge (commentary),0
Taylor Swift,Bigger Than the Whole Sky,0
Taylor Swift,Blank Space (Taylor’s version),0
Taylor Swift,Blank Space (commentary),0
Taylor Swift,Blank Space (guitar/vocal),0
Taylor Swift,Breathe,0
Taylor Swift,Breathe (Taylor’s version),0
Taylor Swift,Breathe (commentary),0
Taylor Swift,But Daddy I Love Him,0
Taylor Swift,But Daddy I Love Him (acoustic version),0
Taylor Swift,Bye Bye Baby (Taylor’s version) (from The Vault),0
Taylor Swift,Bye Bye Baby (from The Vault),0
Taylor Swift,CANCELLED!,0
Taylor Swift,CANCELLED! (Track by Track),0
Taylor Swift,CANCELLED! (original songwriting voice memo),0
Taylor Swift,CMT Awards “Thug Story”,0
Taylor Swift,CMT’s Unplugged at 330 Sessions Video Performance of “Picture to Burn”,0
Taylor Swift,Call It What You Want,0
Taylor Swift,Call It What You Want (commentary),0
Taylor Swift,Cassandra,0
Taylor Swift,Cassandra (first draft phone memo),0
Taylor Swift,Castles Crumbling (Taylor’s version) (from The Vault),0
Taylor Swift,Change,0
Taylor Swift,Change (Taylor’s version),0
Taylor Swift,Change (commentary),0
Taylor Swift,Chloe or Sam or Sophia or Marcus,0
Taylor Swift,Clara Bow,0
Taylor Swift,Clean,0
Taylor Swift,Clean (Taylor’s version),0
Taylor Swift,Clean (commentary),0
Taylor Swift,Cleveland!,0
Taylor Swift,Cold as You,0
Taylor Swift,Cold as You (commentary),0
Taylor Swift,Come Back… Be Here,0
Taylor Swift,Come Back… Be Here (Taylor’s version),0
Taylor Swift,Come Back…be Here (Taylor’s version) (lyric video),0
Taylor Swift,Come In With the Rain,0
Taylor Swift,Come In With the Rain (Taylor’s version),0
Taylor Swift,Cornelia Street,0
Taylor Swift,Cruel Summer,0
Taylor Swift,Dancing With Our Hands Tied,0
Taylor Swift,Dancing With Our Hands Tied (commentary),0
Taylor Swift,Daylight,0
Taylor Swift,Dear John,0
Taylor Swift,Dear John (Taylor’s version),0
Taylor Swift,Dear John (commentary),0
Taylor Swift,Dear Reader,0
Taylor Swift,Death by a Thousand Cuts,0
Taylor Swift,Delicate (commentary),0
Taylor Swift,Don’t Blame Me,0
Taylor Swift,Don’t Blame Me (commentary),0
Taylor Swift,Don’t You (Taylor’s version) (from The Vault),0
Taylor Swift,Don’t You (from The Vault),0
Taylor Swift,Down Bad,0
Taylor Swift,Down Bad (acoustic version),0
Taylor Swift,Dress,0
Taylor Swift,Dress (commentary),0
Taylor Swift,Drops of Jupiter,0
Taylor Swift,Eldest Daughter,0
Taylor Swift,Eldest Daughter (Now You’re Home acoustic version),0
Taylor Swift,Eldest Daughter (Track by Track),0
Taylor Swift,Eldest Daughter (original songwriting voice memo),0
Taylor Swift,Electric Touch (Taylor’s version) (from The Vault),0
Taylor Swift,Elizabeth Taylor,0
Taylor Swift,Elizabeth Taylor (So Glamorous Cabaret version),0
Taylor Swift,Elizabeth Taylor (Track by Track),0
Taylor Swift,Elizabeth Taylor (original songwriting voice memo),0
Taylor Swift,Enchanted,0
Taylor Swift,Enchanted (Taylor’s version),0
Taylor Swift,Enchanted (commentary),0
Taylor Swift,End Game,0
Taylor Swift,End Game (commentary),0
Taylor Swift,Everything Has Changed,0
Taylor Swift,Everything Has Changed (Taylor’s version),0
Taylor Swift,Everything Has Changed (Taylor’s version) (lyric video),0
Taylor Swift,Everything Has Changed (commentary),0
Taylor Swift,"Exclusive! In the Studio With Taylor and Colbie Caillat Recording ""Breathe""",0
Taylor Swift,"Exclusive! Watch the Recording Session of ""Change""",0
Taylor Swift,False God,0
Taylor Swift,Father Figure,0
Taylor Swift,Father Figure (Track by Track),0
Taylor Swift,Father Figure (original songwriting voice memo),0
Taylor Swift,Fearless (Taylor’s version),0
Taylor Swift,Fearless (commentary),0
Taylor Swift,"Fearless / I’m Yours / Hey, Soul Sister",0
Taylor Swift,Fearless Tour 2009 First Show Behind the Scenes!,0
Taylor Swift,Fearless Tour 2009 Photo Gallery,0
Taylor Swift,Fifteen (Taylor’s version),0
Taylor Swift,Fifteen (commentary),0
Taylor Swift,First Grand Ole Opry Performance of “Tim McGraw”,0
Taylor Swift,Florida!!!,0
Taylor Swift,Foolish One (Taylor’s version) (from The Vault),0
Taylor Swift,Forever & Always,0
Taylor Swift,Forever & Always (Taylor’s version),0
Taylor Swift,Forever & Always (commentary),0
Taylor Swift,Forever & Always (piano version),0
Taylor Swift,Forever & Always (piano version) (Taylor’s version),0
Taylor Swift,Forever Winter (Taylor’s version) (from The Vault),0
Taylor Swift,Forever Winter (Taylor’s version) (from the Vault) (lyric video),0
Taylor Swift,Fortnight,0
Taylor Swift,Fortnight (acoustic version),0
Taylor Swift,Fresh Out the Slammer,0
Taylor Swift,Fresh Out the Slammer (acoustic version),0
Taylor Swift,GAC Short Cuts Series “A Place in This World”,0
Taylor Swift,Getaway Car,0
Taylor Swift,Getaway Car (commentary),0
Taylor Swift,Girl at Home,0
Taylor Swift,Girl at Home (Taylor’s version),0
Taylor Swift,Girl at Home (Taylor’s version) (lyric video),0
Taylor Swift,Glitch,0
Taylor Swift,Gorgeous,0
Taylor Swift,Gorgeous (commentary),0
Taylor Swift,Guilty as Sin?,0
Taylor Swift,Guilty as Sin? (acoustic version),0
Taylor Swift,Haunted,0
Taylor Swift,Haunted (Taylor’s version),0
Taylor Swift,Haunted (acoustic),0
Taylor Swift,Haunted (commentary),0
Taylor Swift,Hey Stephen,0
Taylor Swift,Hey Stephen (Taylor’s version),0
Taylor Swift,Hey Stephen (commentary),0
Taylor Swift,High Infidelity,0
Taylor Swift,Hits Different,0
Taylor Swift,Holy Ground,0
Taylor Swift,Holy Ground (Taylor’s version),0
Taylor Swift,Holy Ground (Taylor’s version) (lyric video),0
Taylor Swift,Holy Ground (commentary),0
Taylor Swift,Home Movies,0
Taylor Swift,Honey,0
Taylor Swift,Honey (Track by Track),0
Taylor Swift,Honey (original songwriting voice memo),0
Taylor Swift,How Did It End?,0
Taylor Swift,How You Get the Girl,0
Taylor Swift,How You Get the Girl (Taylor’s version),0
Taylor Swift,How You Get the Girl (commentary),0
Taylor Swift,I Almost Do,0
Taylor Swift,I Almost Do (Taylor’s version),0
Taylor Swift,I Almost Do (Taylor’s version) (lyric video),0
Taylor Swift,I Almost Do (commentary),0
Taylor Swift,I Bet You Think About Me (Taylor’s version) (from The Vault),0
Taylor Swift,I Bet You Think About Me (Taylor’s version) (from the Vault) (lyric video),0
Taylor Swift,I Can Do It With a Broken Heart,0
Taylor Swift,I Can Fix Him (No Really I Can),0
Taylor Swift,I Can See You (Taylor’s version) (from The Vault),0
Taylor Swift,I Did Something Bad,0
Taylor Swift,I Did Something Bad (commentary),0
Taylor Swift,I Don’t Wanna Live Forever (Fifty Shades Darker),0
Taylor Swift,I Forgot That You Existed,0
Taylor Swift,I Forgot That You Existed (piano/vocal),0
Taylor Swift,I Hate It Here,0
Taylor Swift,I Hate It Here (The Lakes),0
Taylor Swift,I Heart ?,0
Taylor Swift,I Knew You Were Trouble,0
Taylor Swift,I Knew You Were Trouble (Taylor’s version),0
Taylor Swift,I Knew You Were Trouble (Taylor’s version) (lyric video),0
Taylor Swift,I Knew You Were Trouble. (commentary),0
Taylor Swift,I Know Places,0
Taylor Swift,I Know Places (Taylor’s version),0
Taylor Swift,I Know Places (commentary),0
Taylor Swift,I Know Places (piano/vocal),0
Taylor Swift,I Look in People’s Windows,0
Taylor Swift,I Think He Knows,0
Taylor Swift,I Want You Back,0
Taylor Swift,I Wish You Would,0
Taylor Swift,I Wish You Would (Taylor’s version),0
Taylor Swift,I Wish You Would (commentary),0
Taylor Swift,I Wish You Would (track/vocal),0
Taylor Swift,If This Was a Movie,0
Taylor Swift,Innocent,0
Taylor Swift,Innocent (Taylor’s version),0
Taylor Swift,Innocent (commentary),0
Taylor Swift,Intro - Father Figure,0
Taylor Swift,Invisible,0
Taylor Swift,Invisible (commentary),0
Taylor Swift,Is It Over Now? (Taylor’s version) (from The Vault),0
Taylor Swift,It’s Nice to Have a Friend,0
Taylor Swift,I’m Only Me When I’m With You,0
Taylor Swift,I’m Only Me When I’m With You (commentary),0
Taylor Swift,Jump Then Fall,0
Taylor Swift,Jump Then Fall (Taylor’s version),0
Taylor Swift,Karma,0
Taylor Swift,King of My Heart,0
Taylor Swift,King of My Heart (commentary),0
Taylor Swift,Labyrinth,0
Taylor Swift,Last Kiss,0
Taylor Swift,Last Kiss (Taylor’s version),0
Taylor Swift,Last Kiss (commentary),0
Taylor Swift,Lavender Haze,0
Taylor Swift,London Boy,0
Taylor Swift,Long Live,0
Taylor Swift,Long Live (Taylor’s version),0
Taylor Swift,Long Live (commentary),0
Taylor Swift,Look What You Made Me Do (behind the scenes) (1),0
Taylor Swift,Look What You Made Me Do (behind the scenes) (10),0
Taylor Swift,Look What You Made Me Do (behind the scenes) (2),0
Taylor Swift,Look What You Made Me Do (behind the scenes) (3),0
Taylor Swift,Look What You Made Me Do (behind the scenes) (4),0
Taylor Swift,Look What You Made Me Do (behind the scenes) (5),0
Taylor Swift,Look What You Made Me Do (behind the scenes) (6),0
Taylor Swift,Look What You Made Me Do (behind the scenes) (7),0
Taylor Swift,Look What You Made Me Do (behind the scenes) (8),0
Taylor Swift,Look What You Made Me Do (behind the scenes) (9),0
Taylor Swift,Look What You Made Me Do (commentary),0
Taylor Swift,Love Story (Behind the Scenes),0
Taylor Swift,Love Story (J Stax edit),0
Taylor Swift,Love Story (Taylor's Version) Elvira Remix,0
Taylor Swift,Love Story (Taylor’s version),0
Taylor Swift,Love Story (Taylor’s version) (Elvira remix),0
Taylor Swift,Love Story (commentary),0
Taylor Swift,Love Story (live at V-Fest UK),0
Taylor Swift,Lover (piano/vocal),0
Taylor Swift,ME!,0
Taylor Swift,ME! (behind the scenes: Je Suis Calme),0
Taylor Swift,ME! (behind the scenes: The Story of Benjamin Button),0
Taylor Swift,ME! (lyric video),0
Taylor Swift,"Making of ""Picture to Burn""",0
Taylor Swift,Making the Mean Video,0
Taylor Swift,Maroon,0
Taylor Swift,Mary’s Song (Oh My My My),0
Taylor Swift,Mary’s Song (Oh My My My) (commentary),0
Taylor Swift,Mastermind,0
Taylor Swift,Mean (Taylor’s version),0
Taylor Swift,Mean (commentary),0
Taylor Swift,Meet me at midnight,0
Taylor Swift,Message in a Bottle (Taylor’s version) (from The Vault),0
Taylor Swift,Message in a Bottle (Taylor’s version) (from the Vault) (lyric video),0
Taylor Swift,Midnight Rain,0
Taylor Swift,Mine (Taylor’s version),0
Taylor Swift,Mine (commentary),0
Taylor Swift,Miss Americana & The Heartbreak Prince,0
Taylor Swift,Miss Americana & the Heartbreak Prince,0
Taylor Swift,Mr. Perfectly Fine (Taylor’s version) (from The Vault),0
Taylor Swift,Mr. Perfectly Fine (from The Vault),0
Taylor Swift,My Boy Only Breaks His Favorite Toys,0
Taylor Swift,My Boy Only Breaks His Favorite Toys (first draft phone memo),0
Taylor Swift,Nashville,0
Taylor Swift,Never Grow Up,0
Taylor Swift,Never Grow Up (Taylor’s version),0
Taylor Swift,Never Grow Up (commentary),0
Taylor Swift,New Romantics (Taylor’s version),0
Taylor Swift,New Year’s Day,0
Taylor Swift,New Year’s Day (commentary),0
Taylor Swift,Nothing New (Taylor’s version) (from The Vault),0
Taylor Swift,Nothing New (Taylor’s version) (from the Vault) (lyric video),0
Taylor Swift,Now That We Don’t Talk (Taylor’s version) (from The Vault),0
Taylor Swift,Opalite,0
Taylor Swift,Opalite (Life Is a Song acoustic version),0
Taylor Swift,Opalite (Track by Track),0
Taylor Swift,Our Song (commentary),0
Taylor Swift,Our Song (radio single mix),0
Taylor Swift,Ours (Taylor’s version),0
Taylor Swift,Out of the Woods,0
Taylor Swift,Out of the Woods (Taylor’s version),0
Taylor Swift,Out of the Woods (commentary),0
Taylor Swift,Paper Rings,0
Taylor Swift,Paris,0
Taylor Swift,Patient Zero,0
Taylor Swift,Perfectly Good Heart,0
Taylor Swift,Peter,0
Taylor Swift,Picture to Burn (commentary),0
Taylor Swift,Pink Clouding,0
Taylor Swift,Question…?,0
Taylor Swift,Radio Outro (commentary),0
Taylor Swift,Red (Taylor’s version),0
Taylor Swift,Red (Taylor’s version) (lyric video),0
Taylor Swift,Red (commentary),0
Taylor Swift,Red (original demo recording),0
Taylor Swift,Rehearsals of the Speak Now World Tour,0
Taylor Swift,Robin,0
Taylor Swift,Ronan (Taylor’s version),0
Taylor Swift,Ronan (Taylor’s version) (lyric video),0
Taylor Swift,Ruin the Friendship,0
Taylor Swift,Ruin the Friendship (My Advice version),0
Taylor Swift,Ruin the Friendship (Track by Track),0
Taylor Swift,Ruin the Friendship (original songwriting voice memo),0
Taylor Swift,Run (Taylor’s version) (from The Vault),0
Taylor Swift,Run (Taylor’s version) (from the Vault) (lyric video),0
Taylor Swift,Sad Beautiful Tragic,0
Taylor Swift,Sad Beautiful Tragic (Taylor’s version),0
Taylor Swift,Sad Beautiful Tragic (Taylor’s version) (lyric video),0
Taylor Swift,Sad Beautiful Tragic (commentary),0
Taylor Swift,Say Don’t Go (Taylor’s version) (from The Vault),0
Taylor Swift,Shake It Off (Taylor’s version),0
Taylor Swift,Shake It Off (commentary),0
Taylor Swift,Shake It Off: The Animators Scene,0
Taylor Swift,Shake It Off: The Ballerinas Scene,0
Taylor Swift,"Shake It Off: The Band, the Fans & the Extras Scene",0
Taylor Swift,Shake It Off: The Cheerleaders Scene,0
Taylor Swift,Shake It Off: The Modern Dancers Scene,0
Taylor Swift,Shake It Off: The Ribbon Dancers Scene,0
Taylor Swift,Shake It Off: The Twerkers & Finger Tutting Scene,0
Taylor Swift,Should’ve Said No,0
Taylor Swift,Should’ve Said No (commentary),0
Taylor Swift,Snow on the Beach,0
Taylor Swift,So High School,0
Taylor Swift,So It Goes…,0
Taylor Swift,So It Goes… (commentary),0
Taylor Swift,"So Long, London",0
Taylor Swift,Soon You’ll Get Better,0
Taylor Swift,Sparks Fly (Taylor’s version),0
Taylor Swift,Sparks Fly (commentary),0
Taylor Swift,Speak Now,0
Taylor Swift,Speak Now (Taylor’s version),0
Taylor Swift,Speak Now (commentary),0
Taylor Swift,Speak Now: World Tour Live Concert,0
Taylor Swift,Starlight,0
Taylor Swift,Starlight (Taylor’s version),0
Taylor Swift,Starlight (Taylor’s version) (lyric video),0
Taylor Swift,Starlight (commentary),0
Taylor Swift,State of Grace,0
Taylor Swift,State of Grace (Taylor’s version),0
Taylor Swift,State of Grace (Taylor’s version) (lyric video),0
Taylor Swift,State of Grace (acoustic version),0
Taylor Swift,State of Grace (acoustic version) (Taylor’s version),0
Taylor Swift,State of Grace (acoustic version) (Taylor’s version) (lyric video),0
Taylor Swift,State of Grace (commentary),0
Taylor Swift,Stay Beautiful,0
Taylor Swift,Stay Beautiful (commentary),0
Taylor Swift,Stay Stay Stay,0
Taylor Swift,Stay Stay Stay (Taylor’s version),0
Taylor Swift,Stay Stay Stay (Taylor’s version) (lyric video),0
Taylor Swift,Stay Stay Stay (commentary),0
Taylor Swift,Style (Taylor’s version),0
Taylor Swift,Style (commentary),0
Taylor Swift,Suburban Legends (Taylor’s version) (from The Vault),0
Taylor Swift,SuperStar,0
Taylor Swift,Superman,0
Taylor Swift,Superman (Taylor’s version),0
Taylor Swift,Superstar (Taylor’s version),0
Taylor Swift,Surprise Announcement (Taylor’s version),0
Taylor Swift,Sweet Escape,0
Taylor Swift,Sweet Nothing,0
Taylor Swift,Sweet Nothing (piano remix),0
Taylor Swift,Sweeter Than Fiction (Taylor’s version),0
Taylor Swift,Taylor Swift Interview,0
Taylor Swift,Taylor’s 1st Phone Call With Tim McGraw,0
Taylor Swift,Taylor’s Home Movie,0
Taylor Swift,Teardrops on My Guitar (pop version / commentary),0
Taylor Swift,Teardrops on My Guitar (pop version),0
Taylor Swift,Teardrops on My Guitar (radio single remix / commentary),0
Taylor Swift,Teardrops on My Guitar (radio single remix),0
Taylor Swift,Tell Me Why,0
Taylor Swift,Tell Me Why (Taylor’s version),0
Taylor Swift,Tell Me Why (commentary),0
Taylor Swift,That’s When (Taylor’s version) (from The Vault),0
Taylor Swift,That’s When (from The Vault),0
Taylor Swift,The Albatross,0
Taylor Swift,The Albatross (Dancing With Our Hands Tied),0
Taylor Swift,The Alchemy,0
Taylor Swift,The Alchemy x Treacherous Mashup,0
Taylor Swift,The Archer,0
Taylor Swift,The Best Day,0
Taylor Swift,The Best Day (Taylor’s version),0
Taylor Swift,The Best Day (commentary),0
Taylor Swift,The Black Dog,0
Taylor Swift,The Black Dog (first draft phone memo),0
Taylor Swift,The Bolter,0
Taylor Swift,The Bolter (Getaway Car - Live from Edinburgh),0
Taylor Swift,The Fate of Ophelia,0
Taylor Swift,The Fate of Ophelia (Alone in My Tower acoustic version),0
Taylor Swift,The Fate of Ophelia (Track by Track),0
Taylor Swift,The Fate of Ophelia (original songwriting voice memo),0
Taylor Swift,The Great War,0
Taylor Swift,The Last Time,0
Taylor Swift,The Last Time (Taylor’s version),0
Taylor Swift,The Last Time (Taylor’s version) (lyric video),0
Taylor Swift,The Last Time (commentary),0
Taylor Swift,The Life of a Showgirl,0
Taylor Swift,The Life of a Showgirl (Dressing Room Rehearsal version),0
Taylor Swift,The Life of a Showgirl (Track by Track),0
Taylor Swift,"The Life of a Showgirl (original songwriting voice memo, act 1)",0
Taylor Swift,"The Life of a Showgirl (original songwriting voice memo, act 2)",0
Taylor Swift,The Life of a Showgirl Intro,0
Taylor Swift,The Life of a Showgirl Outro,0
Taylor Swift,The Lucky One,0
Taylor Swift,The Lucky One (Taylor’s version),0
Taylor Swift,The Lucky One (Taylor’s version) (lyric video),0
Taylor Swift,The Lucky One (commentary),0
Taylor Swift,The Man,0
Taylor Swift,The Manuscript,0
Taylor Swift,The Moment I Knew,0
Taylor Swift,The Moment I Knew (Taylor’s version),0
Taylor Swift,The Moment I Knew (Taylor’s version) (lyric video),0
Taylor Swift,The Other Side of the Door,0
Taylor Swift,The Other Side of the Door (Taylor’s version),0
Taylor Swift,The Outside,0
Taylor Swift,The Outside (commentary),0
Taylor Swift,The Prophecy,0
Taylor Swift,The Prophecy (Long Story Short),0
Taylor Swift,The Smallest Man Who Ever Lived,0
Taylor Swift,The Story of Us (Taylor’s version),0
Taylor Swift,The Story of Us (commentary),0
Taylor Swift,The Tortured Poets Department,0
Taylor Swift,The Very First Night (Taylor’s version) (from The Vault),0
Taylor Swift,The Very First Night (Taylor’s version) (from the Vault) (lyric video),0
Taylor Swift,The Way I Loved You,0
Taylor Swift,The Way I Loved You (Taylor’s version),0
Taylor Swift,The Way I Loved You (commentary),0
Taylor Swift,This Is Why We Can’t Have Nice Things,0
Taylor Swift,This Is Why We Can’t Have Nice Things (commentary),0
Taylor Swift,This Love,0
Taylor Swift,This Love (Taylor’s version),0
Taylor Swift,This Love (commentary),0
Taylor Swift,Tied Together With a Smile,0
Taylor Swift,Tied Together With a Smile (commentary),0
Taylor Swift,Tim McGraw (commentary),0
Taylor Swift,Timeless (Taylor’s version) (from The Vault),0
Taylor Swift,Today Was a Fairytale (Taylor’s version),0
Taylor Swift,Treacherous,0
Taylor Swift,Treacherous (Taylor’s version),0
Taylor Swift,Treacherous (Taylor’s version) (lyric video),0
Taylor Swift,Treacherous (commentary),0
Taylor Swift,Treacherous (original demo recording),0
Taylor Swift,Umbrella,0
Taylor Swift,Untouchable,0
Taylor Swift,Untouchable (Taylor’s version),0
Taylor Swift,Video Interview Piece,0
Taylor Swift,Vigilante Sh*t,0
Taylor Swift,Vigilante Shit,0
Taylor Swift,We Are Never Ever Getting Back Together (Taylor’s version),0
Taylor Swift,We Are Never Ever Getting Back Together (Taylor’s version) (lyric video),0
Taylor Swift,We Are Never Ever Getting Back Together (commentary),0
Taylor Swift,We Were Happy (Taylor’s version) (from The Vault),0
Taylor Swift,We Were Happy (from The Vault),0
Taylor Swift,Welcome to New York,0
Taylor Swift,Welcome to New York (Taylor’s version),0
Taylor Swift,Welcome to New York (commentary),0
Taylor Swift,When Emma Falls in Love (Taylor’s version) (from The Vault),0
Taylor Swift,White Horse (Behind the Scenes),0
Taylor Swift,White Horse (Taylor’s version),0
Taylor Swift,White Horse (commentary),0
Taylor Swift,Who’s Afraid of Little Old Me?,0
Taylor Swift,Who’s Afraid of Little Old Me? (first draft phone memo),0
Taylor Swift,Wi$h Li$t,0
Taylor Swift,Wi$h Li$t (Settled Down acoustic version),0
Taylor Swift,Wi$h Li$t (Track by Track),0
Taylor Swift,Wildest Dreams (Taylor’s version),0
Taylor Swift,Wildest Dreams (commentary),0
Taylor Swift,Wonderland,0
Taylor Swift,Wonderland (Taylor’s version),0
Taylor Swift,Wood,0
Taylor Swift,Wood (Track by Track),0
Taylor Swift,Wood (original songwriting voice memo),0
Taylor Swift,"Would’ve, Could’ve, Should’ve",0
Taylor Swift,Yahoo! Music Performance & Interview Feature of “Tim McGraw”,0
Taylor Swift,You All Over Me (Taylor’s version) (from The Vault),0
Taylor Swift,You All Over Me (from The Vault),0
Taylor Swift,You Are in Love,0
Taylor Swift,You Are in Love (Taylor’s version),0
Taylor Swift,You Belong With Me (Behind the Scenes),0
Taylor Swift,You Belong With Me (Taylor’s version),0
Taylor Swift,You Belong With Me (commentary),0
Taylor Swift,You Belong With Me (live at V-Fest UK),0
Taylor Swift,You Need to Calm Down (behind the scenes: Morning Routine),0
Taylor Swift,You Need to Calm Down (behind the scenes: Pop Queen Pageant),0
Taylor Swift,You Need to Calm Down (behind the scenes: Taylor Park),0
Taylor Swift,You Need to Calm Down (lyric video),0
Taylor Swift,You’re Losing Me (from The Vault),0
Taylor Swift,You’re Not Sorry,0
Taylor Swift,You’re Not Sorry (Taylor’s version),0
Taylor Swift,You’re Not Sorry (commentary),0
Taylor Swift,"You’re on Your Own, Kid",0
Taylor Swift,"You’re on Your Own, Kid (strings remix)",0
Taylor Swift,august,0
Taylor Swift,august (lyric video),0
Taylor Swift,august (the long pond studio sessions),0
Taylor Swift,betty,0
Taylor Swift,betty (lyric video),0
Taylor Swift,betty (the long pond studio sessions),0
Taylor Swift,cardigan (lyric video),0
Taylor Swift,cardigan (the long pond studio sessions),0
Taylor Swift,coney island,0
Taylor Swift,epiphany,0
Taylor Swift,epiphany (lyric video),0
Taylor Swift,epiphany (the long pond studio sessions),0
Taylor Swift,evermore,0
Taylor Swift,exile,0
Taylor Swift,exile (lyric video),0
Taylor Swift,exile (the long pond studio sessions),0
Taylor Swift,folklore: the long pond studio sessions,0
Taylor Swift,hoax,0
Taylor Swift,hoax (lyric video),0
Taylor Swift,hoax (the long pond studio sessions),0
Taylor Swift,illicit affairs,0
Taylor Swift,illicit affairs (lyric video),0
Taylor Swift,illicit affairs (the long pond studio sessions),0
Taylor Swift,imgonnagetyouback,0
Taylor Swift,invisible string,0
Taylor Swift,invisible string (lyric video),0
Taylor Swift,invisible string (the long pond studio sessions),0
Taylor Swift,it’s time to go,0
Taylor Swift,loml,0
Taylor Swift,mad woman,0
Taylor Swift,mad woman (lyric video),0
Taylor Swift,mad woman (the long pond studio sessions),0
Taylor Swift,mirrorball,0
Taylor Swift,mirrorball (lyric video),0
Taylor Swift,mirrorball (the long pond studio sessions),0
Taylor Swift,my tears ricochet,0
Taylor Swift,my tears ricochet (lyric video),0
Taylor Swift,my tears ricochet (the long pond studio sessions),0
Taylor Swift,"no body, no crime",0
Taylor Swift,peace,0
Taylor Swift,peace (lyric video),0
Taylor Swift,peace (the long pond studio sessions),0
Taylor Swift,reputation Stadium Tour: VIP Package Message,0
Taylor Swift,right where you left me,0
Taylor Swift,seven,0
Taylor Swift,seven (lyric video),0
Taylor Swift,seven (the long pond studio sessions),0
Taylor Swift,thanK you aIMee,0
Taylor Swift,thank You aimEe (Mean),0
Taylor Swift,the 1,0
Taylor Swift,the 1 (lyric video),0
Taylor Swift,the 1 (the long pond studio sessions),0
Taylor Swift,the lakes,0
Taylor Swift,the lakes (the long pond studio sessions),0
Taylor Swift,the last great american dynasty,0
Taylor Swift,the last great american dynasty (lyric video),0
Taylor Swift,the last great american dynasty (the long pond studio sessions),0
Taylor Swift,this is me trying,0
Taylor Swift,this is me trying (lyric video),0
Taylor Swift,this is me trying (the long pond studio sessions),0
Taylor Swift,willow (90’s trend remix),0
Taylor Swift,willow (dancing witch version) (Elvira remix),0
Taylor Swift,willow (lonely witch version),0
Taylor Swift,’tis the damn season,0
Taylor Swift,“Our Song” Video Behind the Scenes,0
Taylor Swift,“Slut!” (Taylor’s version) (from The Vault),0
Taylor Swift,“Slut!” (acoustic version) (Taylor’s version),0
Taylor Swift,“Teardrops on My Guitar” Video Behind the Scenes,0
Taylor Swift,…Ready for It?,0
Taylor Swift,…Ready for It? (commentary),0
Taylor Swift,…ready for It?,0
