Feature,Importance,Importance Std
feature_391,0.08400000000000002,0.055713553108736484
feature_371,0.07400000000000001,0.025377155080899026
feature_349,0.07200000000000002,0.05599999999999998
feature_461,0.06800000000000003,0.05670978751503131
feature_81,0.06800000000000002,0.03815756805667782
feature_238,0.06400000000000006,0.026532998322843223
feature_201,0.06400000000000004,0.04079215610874229
feature_119,0.06000000000000005,0.026832815729997503
feature_378,0.06000000000000004,0.02529822128134704
feature_335,0.06000000000000004,0.020000000000000007
feature_432,0.06000000000000002,0.03794733192202054
feature_49,0.05800000000000004,0.02891366458960193
feature_336,0.05600000000000005,0.026532998322843223
feature_165,0.055999999999999994,0.02653299832284317
feature_462,0.05400000000000005,0.025377155080899064
feature_383,0.05400000000000003,0.028354893757515647
feature_439,0.05400000000000001,0.03583294573433783
feature_266,0.052000000000000046,0.018330302779823376
feature_512,0.052000000000000046,0.025612496949731417
feature_421,0.052000000000000046,0.025612496949731417
feature_14,0.050000000000000044,0.030000000000000023
feature_484,0.05000000000000003,0.02720294101747089
feature_382,0.05000000000000003,0.027202941017470894
feature_15,0.050000000000000024,0.02863564212655271
feature_74,0.048000000000000057,0.0348711915483254
feature_288,0.04800000000000004,0.02400000000000002
feature_239,0.04800000000000004,0.029933259094191558
feature_376,0.04800000000000004,0.04995998398718718
feature_75,0.04800000000000004,0.029933259094191558
feature_422,0.04800000000000004,0.029933259094191558
feature_280,0.04800000000000004,0.02400000000000002
feature_248,0.04800000000000002,0.023999999999999994
feature_416,0.04800000000000002,0.023999999999999994
feature_39,0.04800000000000001,0.028565713714171388
feature_114,0.04800000000000001,0.028565713714171378
feature_20,0.048,0.02993325909419151
feature_505,0.04400000000000004,0.033226495451672326
feature_446,0.04400000000000004,0.028000000000000025
feature_212,0.04400000000000004,0.03322649545167233
feature_95,0.04400000000000002,0.021540659228537998
feature_53,0.044000000000000004,0.041761226035642196
feature_399,0.04200000000000004,0.026000000000000023
feature_21,0.04200000000000002,0.027495454169735038
feature_347,0.04200000000000002,0.013999999999999983
feature_48,0.042000000000000016,0.03627671429443412
feature_19,0.042000000000000016,0.03627671429443408
feature_203,0.04000000000000007,0.04381780460041327
feature_30,0.04000000000000005,0.02683281572999745
feature_70,0.040000000000000036,0.025298221281347056
feature_503,0.040000000000000036,0.017888543819998333
feature_156,0.040000000000000036,0.025298221281347056
feature_272,0.040000000000000036,0.017888543819998333
feature_321,0.040000000000000036,0.0438178046004133
feature_287,0.040000000000000036,0.030983866769659363
feature_297,0.040000000000000036,0.017888543819998333
feature_301,0.040000000000000036,0.025298221281347056
feature_247,0.040000000000000036,0.025298221281347056
feature_0,0.040000000000000036,0.030983866769659363
feature_235,0.04000000000000002,0.03687817782917157
feature_285,0.04000000000000002,0.02529822128134704
feature_509,0.04000000000000002,0.01788854381999831
feature_204,0.04000000000000002,0.01788854381999831
feature_11,0.04000000000000002,0.030983866769659335
feature_241,0.04000000000000002,0.01788854381999831
feature_16,0.04000000000000002,0.023664319132398467
feature_361,0.040000000000000015,0.02529822128134702
feature_384,0.040000000000000015,0.02966479394838264
feature_246,0.038000000000000034,0.014000000000000014
feature_29,0.038000000000000034,0.022715633383201116
feature_67,0.038000000000000034,0.014000000000000012
feature_186,0.03800000000000002,0.030265491900843117
feature_465,0.03800000000000001,0.025999999999999985
feature_392,0.03600000000000005,0.05199999999999997
feature_117,0.036000000000000046,0.03773592452822643
feature_106,0.036000000000000046,0.02800000000000001
feature_188,0.03600000000000003,0.021540659228538036
feature_122,0.03600000000000003,0.021540659228538036
feature_340,0.03600000000000003,0.021540659228538032
feature_155,0.03600000000000003,0.021540659228538036
feature_87,0.03600000000000003,0.021540659228538036
feature_240,0.03600000000000003,0.012000000000000009
feature_162,0.03600000000000003,0.01959591794226544
feature_227,0.03600000000000003,0.021540659228538036
feature_305,0.03600000000000003,0.012000000000000009
feature_485,0.03600000000000003,0.028000000000000025
feature_56,0.03600000000000003,0.012000000000000009
feature_513,0.03600000000000003,0.03322649545167233
feature_78,0.034000000000000044,0.017999999999999985
feature_400,0.03400000000000003,0.023748684174075853
feature_32,0.03400000000000003,0.023748684174075853
feature_334,0.03400000000000003,0.033526109228480414
feature_260,0.03400000000000003,0.018000000000000016
feature_278,0.034000000000000016,0.03352610922848042
feature_424,0.034000000000000016,0.022
feature_210,0.03200000000000005,0.043081318457076044
feature_510,0.03200000000000004,0.03919183588453083
feature_191,0.03200000000000004,0.034871191548325395
feature_154,0.03200000000000003,0.016000000000000014
feature_234,0.03200000000000003,0.02400000000000002
feature_34,0.03200000000000003,0.016000000000000014
feature_159,0.03200000000000003,0.016000000000000014
feature_79,0.03200000000000003,0.02400000000000002
feature_125,0.03200000000000003,0.016000000000000014
feature_508,0.03200000000000003,0.016000000000000014
feature_463,0.03200000000000003,0.016000000000000014
feature_110,0.03200000000000003,0.016000000000000014
feature_472,0.03200000000000003,0.02400000000000002
feature_319,0.03200000000000003,0.016000000000000014
feature_475,0.03200000000000003,0.016000000000000014
feature_105,0.03200000000000003,0.016000000000000014
feature_103,0.03200000000000003,0.024000000000000018
feature_187,0.03200000000000003,0.029933259094191558
feature_55,0.03200000000000003,0.016000000000000014
feature_101,0.03200000000000003,0.02400000000000002
feature_284,0.03200000000000003,0.016000000000000014
feature_290,0.03200000000000003,0.02400000000000002
feature_205,0.03200000000000003,0.016000000000000014
feature_348,0.032000000000000015,0.034871191548325395
feature_332,0.032000000000000015,0.025612496949731396
feature_180,0.032000000000000015,0.02993325909419154
feature_363,0.03200000000000001,0.029933259094191523
feature_93,0.030000000000000037,0.020493901531919198
feature_367,0.030000000000000037,0.04494441010848845
feature_406,0.030000000000000027,0.016124515496597113
feature_173,0.030000000000000027,0.020493901531919215
feature_33,0.02800000000000006,0.036000000000000004
feature_440,0.028000000000000046,0.01833030277982334
feature_470,0.028000000000000046,0.025612496949731396
feature_63,0.028000000000000046,0.018330302779823344
feature_107,0.028000000000000046,0.025612496949731396
feature_157,0.028000000000000035,0.018330302779823362
feature_482,0.028000000000000035,0.01833030277982336
feature_494,0.028000000000000035,0.018330302779823362
feature_501,0.028000000000000035,0.018330302779823362
feature_137,0.028000000000000035,0.01833030277982336
feature_82,0.028000000000000035,0.023999999999999997
feature_312,0.028000000000000025,0.018330302779823376
feature_515,0.028000000000000025,0.018330302779823376
feature_271,0.028000000000000025,0.025612496949731417
feature_487,0.028000000000000025,0.018330302779823376
feature_62,0.028000000000000025,0.03124099870362659
feature_169,0.028000000000000025,0.018330302779823376
feature_231,0.028000000000000025,0.025612496949731417
feature_28,0.028000000000000025,0.031240998703626646
feature_506,0.028000000000000025,0.018330302779823376
feature_262,0.028000000000000025,0.025612496949731417
feature_113,0.028000000000000025,0.02400000000000002
feature_444,0.028000000000000025,0.018330302779823376
feature_311,0.028000000000000025,0.018330302779823376
feature_23,0.028000000000000014,0.027129319932501075
feature_402,0.028000000000000014,0.025612496949731396
feature_175,0.028000000000000014,0.025612496949731396
feature_243,0.028000000000000014,0.025612496949731396
feature_471,0.026000000000000058,0.028354893757515647
feature_464,0.026000000000000034,0.02835489375751565
feature_104,0.026000000000000023,0.028354893757515647
feature_54,0.026000000000000023,0.0200997512422418
feature_354,0.026000000000000023,0.02200000000000002
feature_493,0.026000000000000023,0.02200000000000002
feature_18,0.026000000000000002,0.031048349392520037
feature_299,0.024000000000000056,0.047999999999999994
feature_451,0.024000000000000056,0.035552777669262355
feature_356,0.024000000000000042,0.02653299832284319
feature_293,0.024000000000000042,0.03199999999999997
feature_92,0.024000000000000042,0.031999999999999966
feature_268,0.02400000000000003,0.019595917942265426
feature_381,0.02400000000000003,0.039799497484264784
feature_136,0.02400000000000003,0.019595917942265426
feature_267,0.02400000000000003,0.019595917942265426
feature_456,0.02400000000000003,0.026532998322843195
feature_460,0.02400000000000003,0.0265329983228432
feature_467,0.02400000000000003,0.01959591794226543
feature_405,0.02400000000000003,0.026532998322843195
feature_295,0.02400000000000002,0.019595917942265444
feature_338,0.02400000000000002,0.019595917942265444
feature_251,0.02400000000000002,0.019595917942265444
feature_306,0.02400000000000002,0.019595917942265444
feature_504,0.02400000000000002,0.019595917942265444
feature_222,0.02400000000000002,0.019595917942265444
feature_481,0.02400000000000002,0.019595917942265444
feature_514,0.02400000000000002,0.03200000000000003
feature_377,0.02400000000000002,0.03200000000000003
feature_337,0.02400000000000002,0.019595917942265444
feature_42,0.02400000000000002,0.026532998322843223
feature_498,0.02400000000000002,0.021540659228538032
feature_209,0.02400000000000002,0.019595917942265444
feature_12,0.02400000000000002,0.019595917942265444
feature_264,0.02400000000000002,0.019595917942265444
feature_351,0.02400000000000002,0.021540659228538032
feature_327,0.02400000000000002,0.019595917942265444
feature_459,0.02400000000000002,0.026532998322843223
feature_151,0.02400000000000002,0.026532998322843223
feature_419,0.02400000000000002,0.019595917942265444
feature_445,0.02400000000000002,0.019595917942265444
feature_401,0.02400000000000002,0.021540659228538032
feature_179,0.02400000000000002,0.021540659228538032
feature_166,0.02400000000000002,0.019595917942265444
feature_163,0.02400000000000002,0.019595917942265444
feature_118,0.02400000000000002,0.019595917942265444
feature_123,0.02400000000000002,0.019595917942265444
feature_126,0.02400000000000002,0.026532998322843223
feature_89,0.02400000000000002,0.01743559577416271
feature_86,0.02400000000000002,0.01743559577416271
feature_171,0.02400000000000002,0.03199999999999999
feature_69,0.02400000000000001,0.026532998322843202
feature_375,0.02400000000000001,0.026532998322843202
feature_379,0.02200000000000004,0.02891366458960193
feature_176,0.02200000000000003,0.028913664589601918
feature_85,0.02200000000000002,0.016613247725836163
feature_502,0.02200000000000002,0.022715633383201116
feature_100,0.02200000000000002,0.018867962264113223
feature_458,0.020000000000000063,0.028284271247461877
feature_76,0.020000000000000063,0.026832815729997468
feature_328,0.020000000000000052,0.026832815729997475
feature_46,0.020000000000000052,0.026832815729997458
feature_497,0.02000000000000004,0.019999999999999997
feature_388,0.020000000000000028,0.020000000000000007
feature_308,0.020000000000000028,0.020000000000000007
feature_190,0.020000000000000028,0.020000000000000007
feature_158,0.020000000000000028,0.026832815729997475
feature_457,0.020000000000000028,0.026832815729997475
feature_329,0.020000000000000018,0.020000000000000018
feature_310,0.020000000000000018,0.020000000000000018
feature_127,0.020000000000000018,0.026832815729997503
feature_102,0.020000000000000018,0.020000000000000018
feature_149,0.020000000000000018,0.020000000000000018
feature_289,0.020000000000000018,0.026832815729997503
feature_182,0.020000000000000018,0.020000000000000018
feature_150,0.020000000000000018,0.026832815729997503
feature_277,0.020000000000000018,0.020000000000000018
feature_418,0.020000000000000018,0.020000000000000018
feature_344,0.020000000000000018,0.020000000000000018
feature_313,0.020000000000000018,0.026832815729997503
feature_211,0.020000000000000018,0.026832815729997503
feature_185,0.020000000000000018,0.020000000000000018
feature_449,0.020000000000000018,0.026832815729997503
feature_325,0.020000000000000018,0.020000000000000018
feature_420,0.020000000000000018,0.026832815729997503
feature_403,0.020000000000000018,0.020000000000000018
feature_415,0.020000000000000018,0.020000000000000018
feature_427,0.020000000000000007,0.026832815729997475
feature_109,0.020000000000000007,0.026832815729997475
feature_99,0.020000000000000007,0.026832815729997475
feature_374,0.018000000000000037,0.03736308338453881
feature_60,0.018000000000000026,0.025999999999999995
feature_13,0.018000000000000016,0.022715633383201116
feature_9,0.018000000000000016,0.022715633383201116
feature_193,0.018000000000000016,0.022715633383201112
feature_495,0.018000000000000016,0.030265491900843097
feature_370,0.01600000000000006,0.044542114902640144
feature_97,0.01600000000000006,0.026532998322843174
feature_345,0.016000000000000035,0.026532998322843192
feature_373,0.016000000000000035,0.03666060555964669
feature_452,0.016000000000000035,0.026532998322843192
feature_71,0.016000000000000035,0.026532998322843192
feature_196,0.016000000000000025,0.026532998322843202
feature_225,0.016000000000000025,0.026532998322843202
feature_429,0.016000000000000025,0.026532998322843202
feature_244,0.016000000000000014,0.019595917942265444
feature_112,0.016000000000000014,0.019595917942265444
feature_368,0.016000000000000014,0.019595917942265444
feature_385,0.016000000000000014,0.019595917942265444
feature_298,0.016000000000000014,0.01959591794226544
feature_170,0.016000000000000014,0.01959591794226544
feature_195,0.016000000000000014,0.01959591794226544
feature_161,0.016000000000000014,0.019595917942265444
feature_206,0.016000000000000014,0.01959591794226544
feature_480,0.016000000000000014,0.019595917942265444
feature_292,0.016000000000000014,0.026532998322843223
feature_91,0.016000000000000014,0.026532998322843223
feature_178,0.016000000000000014,0.01743559577416271
feature_386,0.016000000000000014,0.019595917942265444
feature_77,0.016000000000000014,0.019595917942265444
feature_331,0.016000000000000014,0.019595917942265444
feature_352,0.016000000000000014,0.019595917942265444
feature_466,0.016000000000000014,0.019595917942265444
feature_414,0.016000000000000014,0.026532998322843223
feature_236,0.016000000000000014,0.019595917942265444
feature_83,0.014000000000000023,0.028354893757515653
feature_88,0.014000000000000012,0.018000000000000016
feature_408,0.014000000000000012,0.018000000000000016
feature_5,0.014000000000000012,0.018000000000000016
feature_407,0.014000000000000012,0.018000000000000016
feature_252,0.012000000000000066,0.031240998703626593
feature_387,0.012000000000000044,0.031240998703626604
feature_425,0.012000000000000044,0.044000000000000004
feature_202,0.012000000000000033,0.025612496949731407
feature_423,0.012000000000000033,0.031240998703626607
feature_341,0.012000000000000021,0.025612496949731396
feature_261,0.012000000000000021,0.025612496949731396
feature_309,0.01200000000000001,0.018330302779823376
feature_324,0.01200000000000001,0.018330302779823376
feature_322,0.01200000000000001,0.018330302779823376
feature_468,0.01200000000000001,0.018330302779823376
feature_496,0.01200000000000001,0.018330302779823376
feature_304,0.01200000000000001,0.018330302779823376
feature_438,0.01200000000000001,0.018330302779823376
feature_412,0.01200000000000001,0.018330302779823376
feature_410,0.01200000000000001,0.018330302779823376
feature_353,0.01200000000000001,0.018330302779823376
feature_450,0.01200000000000001,0.018330302779823376
feature_396,0.01200000000000001,0.018330302779823376
feature_323,0.01200000000000001,0.018330302779823376
feature_259,0.01200000000000001,0.018330302779823376
feature_37,0.01200000000000001,0.018330302779823376
feature_84,0.01200000000000001,0.016000000000000014
feature_199,0.01200000000000001,0.018330302779823376
feature_230,0.01200000000000001,0.018330302779823376
feature_72,0.01200000000000001,0.018330302779823376
feature_263,0.01200000000000001,0.018330302779823376
feature_50,0.01200000000000001,0.029933259094191512
feature_269,0.01200000000000001,0.018330302779823376
feature_283,0.01200000000000001,0.018330302779823376
feature_152,0.01200000000000001,0.018330302779823376
feature_128,0.01200000000000001,0.025612496949731417
feature_270,0.01200000000000001,0.018330302779823376
feature_274,0.01200000000000001,0.018330302779823376
feature_275,0.01200000000000001,0.018330302779823376
feature_242,0.01200000000000001,0.018330302779823376
feature_121,0.01200000000000001,0.018330302779823376
feature_411,0.010000000000000042,0.020493901531919188
feature_473,0.010000000000000031,0.02049390153191919
feature_64,0.010000000000000009,0.016124515496597113
feature_390,0.010000000000000009,0.016124515496597113
feature_233,0.010000000000000009,0.020493901531919215
feature_47,0.010000000000000009,0.018439088914585792
feature_499,0.010000000000000009,0.016124515496597113
feature_120,0.010000000000000009,0.020493901531919215
feature_369,0.008000000000000063,0.023999999999999983
feature_428,0.008000000000000052,0.02399999999999999
feature_276,0.00800000000000004,0.03487119154832538
feature_172,0.00800000000000004,0.036
feature_300,0.00800000000000004,0.015999999999999997
feature_315,0.00800000000000003,0.03487119154832539
feature_302,0.00800000000000003,0.023999999999999997
feature_339,0.008000000000000018,0.023999999999999997
feature_389,0.008000000000000018,0.024
feature_183,0.008000000000000018,0.016000000000000007
feature_116,0.008000000000000018,0.024
feature_198,0.008000000000000018,0.03487119154832539
feature_447,0.008000000000000007,0.016000000000000014
feature_398,0.008000000000000007,0.016000000000000014
feature_135,0.008000000000000007,0.016000000000000014
feature_51,0.008000000000000007,0.01833030277982338
feature_143,0.008000000000000007,0.016000000000000014
feature_148,0.008000000000000007,0.016000000000000014
feature_124,0.008000000000000007,0.016000000000000014
feature_223,0.008000000000000007,0.016000000000000014
feature_224,0.008000000000000007,0.016000000000000014
feature_221,0.008000000000000007,0.024000000000000018
feature_68,0.008000000000000007,0.016000000000000014
feature_219,0.008000000000000007,0.01326649916142161
feature_197,0.008000000000000007,0.016000000000000014
feature_478,0.008000000000000007,0.013266499161421611
feature_140,0.008000000000000007,0.016000000000000014
feature_256,0.008000000000000007,0.016000000000000014
feature_486,0.008000000000000007,0.016000000000000014
feature_489,0.008000000000000007,0.024000000000000018
feature_291,0.008000000000000007,0.016000000000000014
feature_282,0.008000000000000007,0.016000000000000014
feature_333,0.008000000000000007,0.016000000000000014
feature_500,0.008000000000000007,0.016000000000000014
feature_330,0.008000000000000007,0.016000000000000014
feature_1,0.008000000000000007,0.016000000000000014
feature_96,0.006000000000000072,0.02835489375751563
feature_397,0.0060000000000000496,0.0335261092284804
feature_490,0.006000000000000028,0.03104834939252004
feature_184,0.006000000000000028,0.025377155080899043
feature_507,0.006000000000000005,0.012806248474865708
feature_130,0.006000000000000005,0.012806248474865708
feature_2,0.006000000000000005,0.012806248474865707
feature_177,0.006000000000000005,0.012806248474865707
feature_229,0.006000000000000005,0.012806248474865708
feature_395,0.004000000000000059,0.0377359245282264
feature_111,0.004000000000000059,0.027999999999999987
feature_255,0.004000000000000059,0.027999999999999983
feature_307,0.004000000000000048,0.046303347611160874
feature_192,0.004000000000000026,0.027999999999999987
feature_380,0.004000000000000026,0.037735924528226425
feature_279,0.004000000000000026,0.02799999999999999
feature_160,0.004000000000000015,0.028000000000000008
feature_7,0.004000000000000015,0.012000000000000009
feature_131,0.004000000000000015,0.012000000000000007
feature_232,0.004000000000000015,0.02154065922853801
feature_245,0.004000000000000015,0.021540659228538015
feature_108,0.004000000000000015,0.028000000000000008
feature_43,0.004000000000000015,0.019595917942265416
feature_442,0.0040000000000000036,0.012000000000000009
feature_441,0.0040000000000000036,0.012000000000000009
feature_314,0.0040000000000000036,0.012000000000000009
feature_94,0.0040000000000000036,0.012000000000000009
feature_469,0.0040000000000000036,0.01200000000000001
feature_443,0.0040000000000000036,0.012000000000000009
feature_436,0.0040000000000000036,0.012000000000000009
feature_435,0.0040000000000000036,0.012000000000000009
feature_237,0.0040000000000000036,0.012000000000000009
feature_476,0.0040000000000000036,0.012000000000000009
feature_296,0.0040000000000000036,0.012000000000000009
feature_483,0.0040000000000000036,0.01200000000000001
feature_138,0.0040000000000000036,0.012000000000000009
feature_22,0.0040000000000000036,0.012000000000000009
feature_273,0.0040000000000000036,0.012000000000000009
feature_326,0.0040000000000000036,0.01200000000000001
feature_477,0.0040000000000000036,0.012000000000000009
feature_281,0.0040000000000000036,0.012000000000000009
feature_448,0.0040000000000000036,0.012000000000000009
feature_491,0.0040000000000000036,0.012000000000000009
feature_194,0.002000000000000046,0.048538644398046366
feature_26,0.002000000000000013,0.013999999999999995
feature_207,0.0020000000000000018,0.0060000000000000045
feature_115,0.0020000000000000018,0.0060000000000000045
feature_6,0.0020000000000000018,0.0060000000000000045
feature_132,0.0020000000000000018,0.006000000000000005
feature_189,8.881784197001253e-17,0.01788854381999831
feature_433,7.771561172376095e-17,0.030983866769659307
feature_365,6.661338147750939e-17,0.01788854381999831
feature_366,6.661338147750939e-17,0.01788854381999831
feature_437,6.661338147750939e-17,0.01788854381999831
feature_342,5.551115123125783e-17,0.034641016151377525
feature_417,5.551115123125783e-17,0.03098386676965932
feature_362,4.4408920985006264e-17,0.01788854381999831
feature_303,3.3306690738754695e-17,0.02529822128134702
feature_208,3.3306690738754695e-17,0.03098386676965932
feature_350,3.3306690738754695e-17,0.02529822128134702
feature_144,3.3306690738754695e-17,0.01788854381999831
feature_372,2.2204460492503132e-17,0.023664319132398446
feature_479,2.2204460492503132e-17,0.02529822128134702
feature_218,1.1102230246251566e-17,0.01788854381999831
feature_413,1.1102230246251566e-17,0.01788854381999831
feature_141,1.1102230246251566e-17,0.01788854381999831
feature_36,1.1102230246251566e-17,0.01788854381999831
feature_73,0.0,0.0
feature_66,0.0,0.0
feature_61,0.0,0.0
feature_355,0.0,0.0
feature_57,0.0,0.0
feature_52,0.0,0.0
feature_474,0.0,0.0
feature_80,0.0,0.0
feature_59,0.0,0.0
feature_139,0.0,0.0
feature_455,0.0,0.0
feature_38,0.0,0.0
feature_257,0.0,0.0
feature_31,0.0,0.0
feature_258,0.0,0.0
feature_24,0.0,0.0
feature_17,0.0,0.0
feature_10,0.0,0.0
feature_286,0.0,0.0
feature_4,0.0,0.0
feature_3,0.0,0.0
feature_45,0.0,0.0
feature_58,0.0,0.0
feature_147,0.0,0.0
feature_167,0.0,0.0
feature_146,0.0,0.0
feature_145,0.0,0.0
feature_98,0.0,0.0
feature_153,0.0,0.0
feature_214,0.0,0.0
feature_129,0.0,0.0
feature_142,0.0,0.0
feature_164,0.0,0.0
feature_426,0.0,0.0
feature_434,0.0,0.0
feature_357,-0.0019999999999999463,0.02271563338320108
feature_181,-0.0019999999999999684,0.04599999999999997
feature_65,-0.0019999999999999797,0.022715633383201077
feature_44,-0.0019999999999999905,0.0059999999999999715
feature_249,-0.0019999999999999905,0.013999999999999985
feature_134,-0.0019999999999999905,0.013999999999999983
feature_168,-0.003999999999999904,0.021540659228538015
feature_393,-0.003999999999999904,0.021540659228538015
feature_394,-0.003999999999999904,0.021540659228538015
feature_254,-0.0039999999999999255,0.033226495451672285
feature_453,-0.003999999999999937,0.03199999999999998
feature_200,-0.003999999999999959,0.037735924528226404
feature_404,-0.003999999999999959,0.03322649545167228
feature_316,-0.003999999999999971,0.037735924528226404
feature_360,-0.003999999999999971,0.021540659228538
feature_90,-0.003999999999999971,0.021540659228538
feature_220,-0.003999999999999981,0.021540659228537998
feature_492,-0.003999999999999981,0.021540659228537998
feature_226,-0.005999999999999983,0.017999999999999974
feature_253,-0.007999999999999919,0.029933259094191523
feature_517,-0.007999999999999952,0.023999999999999983
feature_431,-0.007999999999999974,0.023999999999999976
feature_318,-0.007999999999999985,0.01599999999999997
feature_213,-0.007999999999999985,0.01599999999999997
feature_40,-0.007999999999999985,0.01599999999999997
feature_294,-0.007999999999999985,0.01599999999999997
feature_217,-0.009999999999999953,0.029999999999999978
feature_430,-0.011999999999999922,0.031240998703626604
feature_511,-0.011999999999999933,0.036
feature_8,-0.011999999999999945,0.02561249694973138
feature_343,-0.011999999999999955,0.025612496949731375
feature_409,-0.011999999999999955,0.025612496949731375
feature_265,-0.011999999999999966,0.025612496949731372
feature_317,-0.011999999999999978,0.018330302779823327
feature_250,-0.011999999999999978,0.018330302779823327
feature_364,-0.011999999999999978,0.018330302779823327
feature_454,-0.01599999999999995,0.026532998322843178
feature_133,-0.01599999999999996,0.0366606055596467
feature_488,-0.01599999999999997,0.03199999999999998
feature_25,-0.01599999999999998,0.026532998322843174
feature_359,-0.019999999999999917,0.026832815729997475
feature_346,-0.019999999999999928,0.026832815729997468
feature_216,-0.019999999999999928,0.026832815729997468
feature_27,-0.01999999999999994,0.026832815729997458
feature_358,-0.02399999999999992,0.019595917942265426
feature_516,-0.02399999999999992,0.019595917942265426
feature_228,-0.02399999999999993,0.02653299832284319
feature_215,-0.023999999999999955,0.019595917942265388
feature_320,-0.025999999999999933,0.042
feature_41,-0.027999999999999924,0.01833030277982336
feature_174,-0.035999999999999935,0.021540659228538015
feature_35,-0.035999999999999935,0.011999999999999978
